Food,Measure,Grams,Calories,Protein,Fat,SatFat,Fiber,Carbs,Category
Dana kiyma,x,100.0,278.6,27.2,17.1,6.5,0.0,0.0,x
Buyuk boy sogan,x,100.0,44.7,1.4,0.2,0.0,1.4,10.1,x
Sarimsak,x,100.0,144.8,6.4,0.7,0.0,2.0,32.5,x
Yumurta,x,100.0,147.0,12.5,9.7,3.1,0.0,0.7,x
Tuz,x,100.0,0.0,0.0,0.0,0.0,0.0,0.0,x
Karabiber,x,100.0,245.3,10.5,3.0,1.3,24.8,64.1,x
Kimyon,x,100.0,379.3,17.8,22.4,1.4,10.5,44.5,x
Pul biber,x,100.0,39.4,1.9,0.4,0.0,1.5,8.8,x
Bayat ekmek kirintisi,x,100.0,391.7,13.2,5.4,1.2,4.5,73.1,x
Sivi yag,x,100.0,883.0,0.0,100.8,6.6,0.0,0.0,x
Domates salcasi,x,100.0,81.3,4.3,0.5,0.1,4.1,18.8,x
Domates puresi,x,100.0,36.9,1.7,0.2,0.0,1.9,8.9,x
Tereyagi,x,100.0,721.5,0.8,79.6,51.1,0.0,0.1,x
Sicak su,x,100.0,0.0,0.0,0.0,0.0,0.0,0.0,x
ispanak ,x,100.0,23.3,2.9,0.3,0.0,2.4,3.8,x
Patates,x,100.0,92.7,2.5,0.1,0.0,2.2,21.0,x
Zeytinyagi,x,100.0,869.2,0.0,101.2,13.9,0.0,0.0,x
Tuz ,x,100.0,0.0,0.0,0.0,0.0,0.0,0.0,x
Bugday unu,x,100.0,357.8,10.4,1.0,0.2,2.7,77.7,x
Sut,x,100.0,51.3,3.5,1.9,1.2,0.0,4.9,x
Rendelenmis kasar peyniri,x,100.0,405.3,22.9,32.7,18.8,0.0,3.2,x
Orta yagli kiyma,x,100.0,278.6,27.2,17.1,6.5,0.0,0.0,x
Kuru sogan,x,100.0,44.7,1.4,0.2,0.0,1.4,10.1,x
Haslanmis pirinc,x,100.0,127.4,2.7,0.3,0.1,0.4,28.4,x
Aycicek yagi,x,100.0,870.1,0.0,99.5,9.8,0.0,0.0,x
Galeta unu,x,100.0,399.9,13.3,5.4,1.2,4.5,71.4,x
Orta yagli dana kiymasi,x,100.0,278.6,27.2,17.1,6.5,0.0,0.0,x
Rendelenmis sogan,x,100.0,44.7,1.4,0.2,0.0,1.4,10.1,x
Maydanoz,x,100.0,36.1,2.9,0.8,0.3,3.5,6.2,x
Haslanmis nohut,x,100.0,166.1,8.9,2.6,0.3,7.5,27.8,x
Su,x,100.0,0,0,0,0,0,0,x
Yufka,x,100.0,294.0,7.1,6.1,1.5,1.9,53.6,x
Tereyag,x,100.0,721.5,0.8,79.6,51.1,0.0,0.1,x
Kiyma,x,100.0,265.1,27.0,17.0,6.5,0.0,0.0,x
Yogurt,x,100.0,63.1,5.2,1.6,1.0,0.0,7.1,x
Salca,x,100.0,81.3,4.3,0.5,0.1,4.1,18.8,x
Bugday nisastasi,x,100.0,333.4,15.4,1.9,0.3,12.3,69.2,x
Sogan,x,100.0,44.7,1.4,0.2,0.0,1.4,10.1,x
Ekmek ici,x,100.0,391.7,13.2,5.4,1.2,4.5,73.1,x
Toz seker,x,100.0,394.9,0.0,0.0,0.0,0.0,99.1,x
Kabartma tozu,x,100.0,54.1,0.0,0.0,0.0,0.2,27.5,x
Vanilin,x,100.0,0,0,0,0,0,0,x
Bal,x,100.0,0,0,0,0,0,0,x
Irmik,x,100.0,360.0,12.7,1.0,0.1,4.0,73.9,x
Limon suyu,x,100.0,16.5,0.4,0.0,0.0,0.8,5.5,x
Rendelenmis hindistan cevizi,x,100.0,455.3,3.2,28.3,26.3,9.9,52.3,x
Vanilya,x,100.0,282.7,0.0,0.0,0.0,0.0,12.6,x
Muz,x,100.0,0,0,0,0,0,0,x
Toz antep fistigi,x,100.0,584.0,21.5,44.9,5.7,10.0,27.2,x
Kabak,x,100.0,20.5,0.7,0.1,0.0,1.1,4.9,x
Havuc,x,100.0,34.0,0.8,0.2,0.0,3.0,8.3,x
Taze sogan,x,100.0,44.7,1.4,0.2,0.0,1.4,10.1,x
Dereotu,x,100.0,44.3,3.0,1.0,0.0,2.0,7.1,x
Hazir kek,x,100.0,393.6,3.0,17.6,2.9,0.3,57.2,x
Granul kahve,x,100.0,1.0,0.1,0.0,0.0,0.0,0.0,x
Labne peyniri,x,100.0,203.6,6.3,18.8,11.4,0.0,3.5,x
Yumurta sarisi,x,100.0,312.7,15.9,27.0,9.6,0.0,3.6,x
Kakao,x,100.0,411.3,19.8,10.1,0.0,20.3,60.6,x
Pirinc,x,100.0,127.4,2.7,0.3,0.1,0.4,28.4,x
Ilik su,x,100.0,0.0,0.0,0.0,0.0,0.0,0.0,x
Kuru maya,x,100.0,0,0,0,0,0,0,x
Domates sos,x,100.0,24.6,1.2,0.3,0.0,1.5,5.4,x
Kekik,x,100.0,102.7,5.0,1.2,0.0,13.6,25.1,x
Feslegen,x,100.0,24.4,4.0,0.0,0.0,2.0,2.0,x
Rendelenmis mozarella peyniri,x,100.0,300.8,22.4,22.7,13.2,0.0,2.2,x
Sucuk,x,100.0,321.9,18.4,26.9,8.8,0.0,1.4,x
Konserve misir,x,100.0,93.9,3.4,1.5,0.2,2.4,21.0,x
Zeytin,x,100.0,113.8,0.8,10.5,1.4,3.3,6.4,x
Biber,x,100.0,248.5,10.5,3.0,1.3,25.4,63.1,x
Kirmizi mercimek,x,100.0,112.8,9.0,0.4,0.1,7.8,19.4,x
Ince bulgur,x,100.0,333.4,15.4,1.9,0.3,12.3,69.2,x
Biber salcasi,x,100.0,248.5,10.5,3.0,1.3,25.4,63.1,x
Tereyagi ,x,100.0,721.5,0.8,79.6,51.1,0.0,0.1,x
Pudra sekeri,x,100.0,391.1,0.0,0.0,0.0,0.0,98.1,x
Yumurta beyazi,x,100.0,52.9,10.9,0.2,0.0,0.0,0.7,x
Sirke,x,100.0,18.1,0.0,0.0,0.0,0.0,0.1,x
Beyaz peynir,x,100.0,264.9,14.2,21.2,15.0,0.0,4.2,x
Susam,x,100.0,0,0,0,0,0,0,x
Petibor biskuvi,x,100.0,358.9,7.0,16.5,4.3,1.5,44.6,x
Kuzu but ,x,100.0,301.2,24.4,20.5,8.8,0.0,0.0,x
Orta boy kuru sogan,x,100.0,44.7,1.4,0.2,0.0,1.4,10.1,x
Orta boy domates,x,100.0,18.2,0.9,0.2,0.0,1.2,3.9,x
Kasar peyniri,x,100.0,405.3,22.9,32.7,18.8,0.0,3.2,x
Orta boy patlican,x,100.0,34.7,0.8,0.2,0.0,2.5,8.7,x
Taze cekilmis tane karabiber,x,100.0,253.3,10.4,3.0,1.3,24.9,64.7,x
Tavuk budu,x,100.0,180.5,24.0,8.9,2.4,0.0,0.0,x
Defne yapragi,x,100.0,0,0,0,0,0,0,x
Tel sehriye,x,100.0,158.8,5.9,0.9,0.2,1.8,30.7,x
Nane ,x,100.0,405.2,0.0,0.0,0.0,0.0,98.6,x
Kusbasi tavuk gogsu,x,100.0,166.2,31.0,3.5,1.0,0.0,0.0,x
Tane karabiber,x,100.0,254.5,10.5,3.0,1.3,25.2,63.0,x
Soguk sut,x,100.0,51.3,3.5,1.9,1.2,0.0,4.9,x
Muskat cevizi rendesi,x,100.0,527.5,5.9,36.4,26.2,20.7,49.0,x
Tavuk gogsu,x,100.0,166.2,31.0,3.5,1.0,0.0,0.0,x
Yesil biber,x,100.0,27.5,0.9,0.2,0.0,1.2,6.8,x
Kirmizi biber,x,100.0,27.8,0.9,0.2,0.0,1.2,6.8,x
Dogranmis domates,x,100.0,18.5,0.9,0.2,0.0,1.2,3.9,x
Kuru nane,x,100.0,405.2,0.0,0.0,0.0,0.0,98.6,x
Kirmizi kapya biber,x,100.0,248.5,10.5,3.0,1.3,25.4,63.1,x
Tavuk baget,x,100.0,222.6,23.7,12.9,3.7,0.0,0.0,x
Taze biberiye,x,100.0,335.6,5.0,14.8,7.5,42.0,64.1,x
Domates,x,100.0,18.2,0.9,0.2,0.0,1.2,3.9,x
Sandvic ekmegi,x,100.0,259.2,8.9,3.4,0.7,2.6,48.7,x
Tavuk bonfile,x,100.0,144.8,29.8,3.3,1.0,0.0,0.0,x
Kapya biber,x,100.0,248.5,10.5,3.0,1.3,25.4,63.1,x
Sari dolmalik biber,x,100.0,27.6,0.9,0.2,0.0,1.2,6.8,x
Fasulye,x,100.0,91.3,4.7,0.4,0.1,4.1,21.3,x
Soya sosu,x,100.0,0,0,0,0,0,0,x
Toz kirmizi biber,x,100.0,27.8,0.9,0.2,0.0,1.2,6.8,x
Beyaz biber,x,100.0,248.5,10.5,3.0,1.3,25.4,63.1,x
Kirmizi ya da sari mercimek,x,100.0,112.4,9.1,0.4,0.1,7.9,19.3,x
Kirmizi toz biber,x,100.0,248.5,10.5,3.0,1.3,25.4,63.1,x
Kuru kekik,x,100.0,102.7,5.0,1.2,0.0,13.6,25.1,x
Dogranmis dereotu,x,100.0,44.3,3.0,1.0,0.0,2.0,7.1,x
Avokado,x,100.0,0,0,0,0,0,0,x
Eritilmis bitter cikolata,x,100.0,542.0,4.8,31.9,18.7,7.0,60.9,x
Suzme yogurt,x,100.0,64.2,5.3,1.6,1.0,0.0,7.2,x
Yaban mersini,x,100.0,55.7,0.7,0.0,0.0,2.2,14.8,x
cilek,x,100.0,31.9,0.7,0.3,0.0,2.0,7.7,x
Chia tohumu,x,100.0,475.3,16.6,30.9,3.4,34.0,42.3,x
cig badem,x,100.0,592.9,20.8,49.0,4.1,12.5,21.3,x
Tam bugday unu,x,100.0,332.1,13.3,2.5,0.4,10.9,71.5,x
Lor peyniri,x,100.0,100.1,11.0,4.3,1.7,0.0,3.4,x
Kavun,x,100.0,33.6,0.8,0.2,0.1,0.9,8.3,x
Nisasta,x,100.0,0,0,0,0,0,0,x
Hindistan cevizi rendesi,x,100.0,455.3,3.2,28.3,26.3,9.9,52.3,x
Ezilmis sarimsak,x,100.0,144.8,6.4,0.7,0.0,2.0,32.5,x
Rendelenmis mozarella,x,100.0,295.5,22.1,22.6,13.1,0.0,2.2,x
Hurma,x,100.0,288.3,2.4,0.4,0.0,8.2,75.4,x
Yulaf,x,100.0,368.3,13.2,6.4,1.1,10.3,67.0,x
Hindistan cevizi,x,100.0,455.3,3.2,28.3,26.3,9.9,52.3,x
Hindistan cevizi yagi,x,100.0,881.6,0.0,98.8,83.1,0.0,0.0,x
Fistik ezmesi,x,100.0,579.7,22.1,49.6,9.6,5.6,24.0,x
Bitter cikolata,x,100.0,542.0,4.8,31.9,18.7,7.0,60.9,x
Yulaf sutu,x,100.0,368.3,13.2,6.4,1.1,10.3,67.0,x
Tarcin,x,100.0,247.4,3.9,1.1,0.4,53.8,80.4,x
Cherry domates,x,100.0,17.8,0.9,0.2,0.0,1.2,3.9,x
Biberiye,x,100.0,335.6,5.0,14.8,7.5,42.0,64.1,x
Maydanoz ,x,100.0,36.1,2.9,0.8,0.3,3.5,6.2,x
Mantar,x,100.0,28.0,2.1,0.5,0.1,2.1,5.3,x
Krem peynir,x,100.0,342.0,6.2,34.0,20.1,0.0,5.5,x
cig sut,x,100.0,51.3,3.5,1.9,1.2,0.0,4.9,x
Elma sirkesi,x,100.0,20.7,0.0,0.0,0.0,0.0,0.9,x
Buyuk mantar,x,100.0,28.0,2.1,0.5,0.1,2.1,5.3,x
Dolmalik yesil biber,x,100.0,27.5,0.9,0.2,0.0,1.2,6.8,x
Dolmalik sari biber,x,100.0,27.6,1.0,0.2,0.0,0.9,6.2,x
Patlican,x,100.0,34.7,0.8,0.2,0.0,2.5,8.7,x
Kucuk boy karnabahar,x,100.0,22.4,1.8,0.5,0.1,2.3,4.1,x
Orta boy patates,x,100.0,92.7,2.5,0.1,0.0,2.2,21.0,x
Kereviz sapi,x,100.0,17.9,0.8,0.2,0.1,1.6,4.0,x
Sicak et suyu,x,100.0,37.1,2.5,1.2,0.3,0.0,3.5,x
Kruton ,x,100.0,0,0,0,0,0,0,x
Olgun muz,x,100.0,89.4,1.1,0.3,0.1,2.6,23.2,x
Ceviz ici,x,100.0,635.9,15.2,65.0,5.9,6.9,13.8,x
Yer fistigi ezmesi,x,100.0,579.7,22.1,49.6,9.6,5.6,24.0,x
Arpa sehriye,x,100.0,124.8,2.2,0.4,0.1,3.9,28.6,x
Kozlenmis kirmizi biber tursusu,x,100.0,148.7,0.8,14.1,1.9,1.8,5.4,x
Kornison tursu,x,100.0,89.4,0.6,0.4,0.1,1.0,20.8,x
Haslanmis misir,x,100.0,93.9,3.4,1.5,0.2,2.4,21.0,x
Limon,x,100.0,29.0,1.1,0.3,0.0,2.7,9.3,x
Nar eksisi,x,100.0,84.2,1.7,1.2,0.1,4.1,18.5,x
Taze bakla,x,100.0,109.7,7.7,0.4,0.1,5.5,19.3,x
Buyuk boy kuru sogan,x,100.0,44.7,1.4,0.2,0.0,1.4,10.1,x
Limonun suyu,x,100.0,53.7,0.1,0.0,0.0,0.1,13.3,x
Brokoli,x,100.0,35.0,2.4,0.4,0.1,3.3,7.3,x
Salatalik tursusu,x,100.0,12.2,0.5,0.3,0.1,1.0,2.4,x
Misir konservesi,x,100.0,93.9,3.4,1.5,0.2,2.4,21.0,x
Kozlenmis kirmizi biber,x,100.0,52.6,0.9,3.1,0.4,1.2,6.5,x
Balsamik sirke,x,100.0,90.1,0.5,0.0,0.0,0.0,16.7,x
Toz badem,x,100.0,603.7,21.0,52.7,3.9,11.1,21.3,x
Labne,x,100.0,203.6,6.3,18.8,11.4,0.0,3.5,x
Bitter cikolata ,x,100.0,542.0,4.8,31.9,18.7,7.0,60.9,x
Salatalik,x,100.0,15.3,0.6,0.1,0.0,0.5,3.7,x
Nane,x,100.0,405.2,0.0,0.0,0.0,0.0,98.6,x
Zencefil,x,100.0,78.3,2.0,1.0,0.0,2.0,18.3,x
Lime ,x,100.0,29.6,0.7,0.2,0.0,2.9,10.6,x
Karbonat,x,100.0,0,0,0,0,0,0,x
Bebek patates,x,100.0,92.7,2.5,0.1,0.0,2.2,21.0,x
Haslanmis tavuk gogsu,x,100.0,166.2,31.0,3.5,1.0,0.0,0.0,x
Koy biberi,x,100.0,248.5,10.5,3.0,1.3,25.4,63.1,x
Kirmizi sogan,x,100.0,43.7,1.4,0.2,0.0,1.4,10.1,x
Tavuk suyu,x,100.0,6.2,0.6,0.2,0.0,0.0,0.4,x
Taze kekik,x,100.0,102.7,5.0,1.2,0.0,13.6,25.1,x
Misket limonu rendesi,x,100.0,29.6,0.7,0.2,0.0,2.9,10.6,x
Karnabahar,x,100.0,22.4,1.8,0.5,0.1,2.3,4.1,x
Yarim yagli beyaz peynir,x,100.0,264.9,14.2,21.2,15.0,0.0,4.2,x
Kuru uzum,x,100.0,294.3,3.1,0.5,0.0,3.7,77.8,x
Pekmez,x,100.0,287.4,0.0,0.1,0.0,0.0,75.9,x
Orta boy kabak,x,100.0,15.4,1.1,0.4,0.1,1.0,2.7,x
Toz parmesan peyniri,x,100.0,424.6,28.4,27.3,15.4,0.0,14.0,x
Deniz tuzu,x,100.0,0.0,0.0,0.0,0.0,0.0,0.0,x
Buyuk boy domates,x,100.0,18.2,0.9,0.2,0.0,1.2,3.9,x
Kirmizi lahana tursusu,x,100.0,29.1,1.5,0.1,0.0,2.6,6.9,x
Yulaf ezmesi,x,100.0,374.7,13.1,6.6,1.1,10.0,68.3,x
Kuru kayisi,x,100.0,236.3,3.5,0.6,0.0,7.5,61.9,x
Bostan patlicani,x,100.0,34.7,0.8,0.2,0.0,2.5,8.7,x
Sivri biber,x,100.0,245.3,10.5,3.0,1.3,24.8,64.1,x
Badem sutu,x,100.0,22.0,0.4,1.0,0.1,0.3,3.2,x
Vanilya ozutu,x,100.0,292.9,0.0,0.0,0.0,0.0,12.7,x
Taze nane,x,100.0,43.9,3.4,0.7,0.2,6.9,8.3,x
Roka,x,100.0,0,0,0,0,0,0,x
Dolmalik fistik,x,100.0,0,0,0,0,0,0,x
Parmesan peyniri,x,100.0,424.6,28.4,27.3,15.4,0.0,14.0,x
Balzamik sirke,x,100.0,0,0,0,0,0,0,x
Tuz-karabiber,x,100.0,0,0,0,0,0,0,x
Vanilya ozutu ,x,100.0,292.9,0.0,0.0,0.0,0.0,12.7,x
Dut kurusu,x,100.0,0,0,0,0,0,0,x
cig findik,x,100.0,623.8,14.8,61.2,4.5,9.8,16.7,x
Yumurta aki,x,100.0,52.5,11.0,0.2,0.0,0.0,0.7,x
Yesil elma,x,100.0,50.8,0.3,0.2,0.0,2.4,13.9,x
Kirmizi elma,x,100.0,52.6,0.3,0.2,0.0,2.4,13.7,x
Kirmizi dolmalik biber,x,100.0,27.7,0.9,0.2,0.0,1.2,6.8,x
Badem,x,100.0,606.8,20.7,51.7,3.9,10.8,21.1,x
Kesme seker,x,100.0,376.3,0.0,0.0,0.0,0.0,102.0,x
Buyuk boy havuc,x,100.0,34.0,0.8,0.2,0.0,3.0,8.3,x
Dondurulmus bezelye,x,100.0,79.2,5.2,0.3,0.0,4.5,14.1,x
Ayiklanmis enginar,x,100.0,53.7,2.9,0.3,0.1,5.7,11.7,x
Taze sikilmis limon suyu,x,100.0,16.5,0.4,0.0,0.0,0.8,5.5,x
Bugday,x,100.0,333.4,15.4,1.9,0.3,12.3,69.2,x
Nohut,x,100.0,165.1,8.9,2.6,0.3,7.7,27.4,x
Karabiber ,x,100.0,245.3,10.5,3.0,1.3,24.8,64.1,x
Yumurt sarisi,x,100.0,312.7,15.9,27.0,9.6,0.0,3.6,x
Iri cekilmis karabiber,x,100.0,253.3,10.4,3.0,1.3,24.9,64.7,x
Bulgur,x,100.0,84.3,3.1,0.2,0.0,4.6,18.8,x
Sari mercimek,x,100.0,112.4,9.1,0.4,0.1,7.9,19.3,x
Kirik pirinc,x,100.0,127.4,2.7,0.3,0.1,0.4,28.4,x
Koftelik kiyma,x,100.0,278.6,27.2,17.1,6.5,0.0,0.0,x
Rendelenmis zencefil,x,100.0,78.3,2.0,1.0,0.0,2.0,18.3,x
Zerdecal,x,100.0,309.4,9.6,3.4,2.0,22.6,68.0,x
Limonun suyu ve kabugu,x,100.0,16.5,0.4,0.0,0.0,0.8,5.5,x
Kiyilmis maydanoz,x,100.0,36.1,2.9,0.8,0.3,3.4,6.3,x
Kuzu gerdan eti,x,100.0,301.2,24.4,20.5,8.8,0.0,0.0,x
Kirmizi tatli toz kirmizi biber,x,100.0,276.7,14.5,13.3,2.2,34.7,53.2,x
Toz tarhana,x,100.0,0,0,0,0,0,0,x
Yesil mercimek,x,100.0,116.2,8.9,0.4,0.1,8.0,19.7,x
Eriste,x,100.0,162.4,5.8,0.9,0.2,1.8,30.3,x
Sicak tavuk suyu,x,100.0,6.2,0.6,0.2,0.0,0.0,0.4,x
Tereyagi veya sivi yag,x,100.0,721.5,0.8,79.6,51.1,0.0,0.1,x
Toz aci biber,x,100.0,39.4,1.9,0.4,0.0,1.5,8.8,x
Kuzu paca,x,100.0,301.2,24.4,20.5,8.8,0.0,0.0,x
Domates konservesi,x,100.0,18.5,0.9,0.2,0.0,1.2,3.9,x
Orta boy havuc,x,100.0,34.0,0.8,0.2,0.0,3.0,8.3,x
Zeytinyagi ,x,100.0,869.2,0.0,101.2,13.9,0.0,0.0,x
Dereotu ,x,100.0,44.3,3.0,1.0,0.0,2.0,7.1,x
Krema,x,100.0,347.4,2.9,35.6,22.9,0.0,2.8,x
Dogranmis maydanoz,x,100.0,36.1,2.9,0.8,0.3,3.4,6.3,x
Az yagli kiyma,x,100.0,278.6,27.2,17.1,6.5,0.0,0.0,x
Kelle,x,100.0,0,0,0,0,0,0,x
Ayak,x,100.0,0,0,0,0,0,0,x
Iskembe,x,100.0,94.1,11.7,4.1,1.4,0.0,2.0,x
Kucuk butun tavuk,x,100.0,246.1,27.1,13.4,3.8,0.0,0.0,x
Beyaz un,x,100.0,363.2,10.3,1.0,0.2,2.7,75.9,x
Aci biber salcasi,x,100.0,11.0,0.4,0.4,0.0,0.2,1.7,x
Maydanoz sapi,x,100.0,36.1,2.9,0.8,0.3,3.5,6.2,x
Kirmizi pul biber,x,100.0,27.8,0.9,0.2,0.0,1.2,6.8,x
Soguk su,x,100.0,0.0,0.0,0.0,0.0,0.0,0.0,x
Bal kabagi ,x,100.0,20.5,0.7,0.1,0.0,1.1,4.9,x
Et suyu,x,100.0,221.2,27.7,12.2,4.4,0.0,0.0,x
Tarhun otu,x,100.0,297.1,22.8,7.2,1.7,7.3,50.7,x
Etli kirmizi biber,x,100.0,27.8,0.9,0.2,0.0,1.2,6.8,x
Kaya tuzu,x,100.0,0.0,0.0,0.0,0.0,0.0,0.0,x
Un ,x,100.0,0,0,0,0,0,0,x
Dondurulmus manti,x,100.0,174.1,9.3,6.8,4.0,1.1,19.4,x
Haslanmis bugday,x,100.0,333.4,15.4,1.9,0.3,12.3,69.2,x
Haslanmis yesil mercimek,x,100.0,116.2,8.9,0.4,0.1,8.0,19.7,x
Et suyu veya tavuk suyu,x,100.0,37.1,2.5,1.2,0.3,0.0,3.5,x
Orta boy beyaz lahana,x,100.0,23.4,1.3,0.1,0.0,1.9,5.5,x
Sicak tavuk suyu ,x,100.0,6.2,0.6,0.2,0.0,0.0,0.4,x
Dana eti,x,100.0,0,0,0,0,0,0,x
Kurutulmus cicek bamya,x,100.0,22.5,1.9,0.2,0.0,2.5,4.6,x
Su ,x,100.0,0,0,0,0,0,0,x
Manti ,x,100.0,261.0,7.8,15.5,6.0,1.3,23.5,x
Sebze suyu ,x,100.0,21.9,0.9,0.3,0.1,0.5,3.8,x
Orta boy kirmizi biber,x,100.0,27.8,0.9,0.2,0.0,1.2,6.8,x
Orta boy yesil biber,x,100.0,27.5,0.9,0.2,0.0,1.2,6.8,x
Ekmek ,x,100.0,261.6,8.8,3.4,0.7,2.7,50.2,x
Rendelenmis eski kasar peyniri,x,100.0,405.3,22.9,32.7,18.8,0.0,3.2,x
Kucuk boy havuc,x,100.0,34.0,0.8,0.2,0.0,3.0,8.3,x
Karalahana,x,100.0,0,0,0,0,0,0,x
Haslanmis kuru fasulye,x,100.0,91.3,4.7,0.4,0.1,4.1,21.3,x
Yarma,x,100.0,0,0,0,0,0,0,x
Misir unu,x,100.0,0,0,0,0,0,0,x
Semizotu,x,100.0,18.5,1.5,0.2,0.0,0.0,3.5,x
Orta boy sogan,x,100.0,44.7,1.4,0.2,0.0,1.4,10.1,x
Pilavlik bulgur,x,100.0,84.3,3.1,0.2,0.0,4.6,18.8,x
Sumak eksisi ,x,100.0,276.8,13.3,14.5,2.6,34.6,49.2,x
Rendelenmis domates,x,100.0,18.5,0.9,0.2,0.0,1.2,3.9,x
Kiyma ,x,100.0,265.1,27.0,17.0,6.5,0.0,0.0,x
Sicak et suyu ,x,100.0,37.1,2.5,1.2,0.3,0.0,3.5,x
Eriste ,x,100.0,162.4,5.8,0.9,0.2,1.8,30.3,x
Pul biber ,x,100.0,39.4,1.9,0.4,0.0,1.5,8.8,x
Kuskonmaz,x,100.0,21.4,2.4,0.2,0.1,2.0,4.2,x
Kirmizi sarap ,x,100.0,87.3,0.1,0.0,0.0,0.0,2.6,x
Baget ekmek,x,100.0,275.7,10.7,2.4,0.5,2.2,52.5,x
Gruyere ya da emmental peyniri,x,100.0,415.5,29.8,32.7,18.9,0.0,0.4,x
Pazi yapragi,x,100.0,19.4,1.9,0.1,0.0,2.1,4.0,x
Kayisi,x,100.0,48.3,1.4,0.4,0.0,2.0,11.1,x
Buyuk boy patlican,x,100.0,34.7,0.8,0.2,0.0,2.5,8.7,x
Bayat ekmek,x,100.0,261.6,8.8,3.4,0.7,2.7,50.2,x
Sumak,x,100.0,276.8,13.3,14.5,2.6,34.6,49.2,x
Suzme yogurt ,x,100.0,64.2,5.3,1.6,1.0,0.0,7.2,x
Yagsiz beyaz peynir ,x,100.0,124.9,24.2,0.1,0.1,0.0,6.8,x
Ilik sut,x,100.0,51.3,3.5,1.9,1.2,0.0,4.9,x
Tuzsuz beyaz peynir,x,100.0,318.8,20.6,23.9,13.6,0.0,2.6,x
Susam ve corek otu karisimi,x,100.0,379.3,17.8,22.4,1.4,10.5,44.5,x
Soda,x,100.0,41.9,0.0,0.2,0.0,0.0,10.2,x
Ezine peyniri,x,100.0,393.9,22.7,33.0,18.9,0.0,3.2,x
Visne,x,100.0,48.6,1.0,0.3,0.1,1.6,12.1,x
Limon tuzu,x,100.0,29.0,1.1,0.3,0.0,2.7,9.3,x
Kuzu kiyma,x,100.0,282.1,24.7,19.7,8.2,0.0,0.0,x
Aci kirmizi pul biber,x,100.0,40.8,1.9,0.4,0.0,1.5,8.7,x
Yenibahar,x,100.0,268.1,6.4,8.9,2.6,21.2,72.3,x
Kurutulmus dana bagirsagi,x,100.0,0,0,0,0,0,0,x
Oda sicakliginda margarin,x,100.0,700.5,0.1,80.7,15.4,0.0,0.7,x
Instant maya,x,100.0,0,0,0,0,0,0,x
Yumurta ,x,100.0,147.0,12.5,9.7,3.1,0.0,0.7,x
corek otu,x,100.0,379.3,17.8,22.4,1.4,10.5,44.5,x
seker,x,100.0,400.4,0.0,0.2,0.0,0.0,98.2,x
Aycicek yagi ,x,100.0,870.1,0.0,99.5,9.8,0.0,0.0,x
Ekmek,x,100.0,261.6,8.8,3.4,0.7,2.7,50.2,x
Maden suyu,x,100.0,0.0,0.0,0.0,0.0,0.0,0.0,x
Ufalanmis beyaz peynir,x,100.0,264.9,14.2,21.2,15.0,0.0,4.2,x
Mihalic peyniri,x,100.0,393.9,22.7,33.0,18.9,0.0,3.2,x
Gunluk yufka,x,100.0,436.4,3.0,25.8,9.7,1.8,50.8,x
Pratik macar salam,x,100.0,0,0,0,0,0,0,x
Eritilmis tereyagi,x,100.0,721.5,0.8,79.6,51.1,0.0,0.1,x
corek otu ,x,100.0,379.3,17.8,22.4,1.4,10.5,44.5,x
Ince kiyilmis maydanoz,x,100.0,36.1,2.9,0.8,0.3,3.4,6.3,x
uzum sirkesi,x,100.0,81.4,0.1,0.0,0.0,0.0,2.6,x
Ekmek kirintisi,x,100.0,385.8,13.4,5.4,1.2,4.6,72.8,x
Yas maya,x,100.0,321.7,40.4,7.5,1.0,26.5,41.9,x
Kavrulmus yer fistigi,x,100.0,589.7,23.8,50.5,8.0,8.1,20.9,x
Maydanoz yapragi,x,100.0,36.1,2.9,0.8,0.3,3.5,6.2,x
Haslanmis patates,x,100.0,87.3,1.9,0.1,0.0,1.8,20.5,x
Peynir,x,100.0,393.9,22.7,33.0,18.9,0.0,3.2,x
Orta boy haslanmis patates,x,100.0,85.2,1.9,0.1,0.0,1.8,20.5,x
cok kucuk dogranmis maydanoz,x,100.0,36.1,2.9,0.8,0.3,3.4,6.3,x
Karabiber ve pulbiber,x,100.0,245.3,10.5,3.0,1.3,24.8,64.1,x
Tahin,x,100.0,590.1,17.3,54.0,7.5,4.8,21.2,x
Oda isisinda su,x,100.0,0.0,0.0,0.0,0.0,0.0,0.0,x
Toz kimyon,x,100.0,379.3,17.8,22.4,1.4,10.5,44.5,x
Tatli toz kirmizi biber,x,100.0,276.7,14.5,13.3,2.2,34.7,53.2,x
Toz karabiber,x,100.0,253.3,10.4,3.0,1.3,24.9,64.7,x
Olgunlasmamis ceviz,x,100.0,664.8,15.2,64.5,5.9,6.9,13.6,x
Kirec kaymagi,x,100.0,29.6,0.7,0.2,0.0,2.9,10.6,x
Karanfil,x,100.0,277.4,6.1,12.8,3.8,33.4,65.1,x
Tatli kirmizi biber,x,100.0,276.7,14.5,13.3,2.2,34.7,53.2,x
cemen tozu,x,100.0,0,0,0,0,0,0,x
Kisnis tozu,x,100.0,306.3,12.3,17.8,1.1,41.0,55.2,x
Hardal tozu,x,100.0,513.0,26.0,36.2,2.0,12.2,28.1,x
Pirasa,x,100.0,31.9,0.8,0.2,0.0,1.0,7.6,x
Kereviz yapragi,x,100.0,17.9,0.8,0.2,0.1,1.6,4.0,x
Kiraz ,x,100.0,63.8,1.1,0.2,0.0,2.1,15.9,x
Milfoy hamuru,x,100.0,547.7,7.4,37.8,5.5,1.5,44.9,x
Ezilmis hashas,x,100.0,0,0,0,0,0,0,x
ispanak,x,100.0,23.3,2.9,0.3,0.0,2.4,3.8,x
Misir nisastasi,x,100.0,386.8,0.3,0.0,0.0,0.9,89.9,x
Ince dogranmis maydanoz,x,100.0,36.1,2.9,0.8,0.3,3.4,6.3,x
Kuru domates,x,100.0,18.2,0.9,0.2,0.0,1.2,3.9,x
Surulebilir beyaz peynir,x,100.0,318.8,20.6,23.9,13.6,0.0,2.6,x
Kiraz domates,x,100.0,17.8,0.9,0.2,0.0,1.2,3.9,x
Dag kekigi,x,100.0,102.7,5.0,1.2,0.0,13.6,25.1,x
Ayiklanmis maydanoz,x,100.0,36.1,2.9,0.8,0.3,3.4,6.3,x
Tam bugday ekmegi,x,100.0,269.6,10.8,3.2,0.8,4.0,48.2,x
Suzme peynir,x,100.0,98.3,11.2,4.3,1.7,0.0,3.4,x
Dana jambon,x,100.0,141.6,22.2,5.1,0.9,0.0,1.0,x
Hindi fume,x,100.0,113.5,13.4,3.0,0.1,0.4,7.8,x
Sosis,x,100.0,321.9,18.4,26.9,8.8,0.0,1.4,x
carliston biber,x,100.0,248.5,10.5,3.0,1.3,25.4,63.1,x
Maya,x,100.0,0,0,0,0,0,0,x
Tost ekmegi,x,100.0,289.0,9.1,4.0,0.8,3.0,54.4,x
Tatli yesil sivri biber,x,100.0,39.4,1.9,0.4,0.0,1.5,8.8,x
Siyah zeytin,x,100.0,116.0,0.8,10.6,1.3,3.2,6.3,x
Kolot peyniri,x,100.0,98.3,11.2,4.3,1.7,0.0,3.4,x
Kaynar su,x,100.0,0.0,0.0,0.0,0.0,0.0,0.0,x
Inek sutu ,x,100.0,51.3,3.5,1.9,1.2,0.0,4.9,x
Vanilya cubugu,x,100.0,282.7,0.0,0.0,0.0,0.0,12.6,x
Dovulmus limon tuzu,x,100.0,29.0,1.1,0.3,0.0,2.7,9.3,x
Trabzon peyniri,x,100.0,69.4,0.6,0.2,0.0,3.6,18.8,x
Orta boy sulu ayva,x,100.0,58.0,0.4,0.1,0.0,1.9,15.0,x
Yagsiz kiyma,x,100.0,231.1,28.2,12.1,4.7,0.0,0.0,x
seftali,x,100.0,39.9,0.9,0.3,0.0,1.5,9.7,x
Tel peyniri,x,100.0,296.6,22.3,22.3,13.2,0.0,2.2,x
Bezelye,x,100.0,85.1,5.4,0.2,0.0,5.6,15.5,x
Taze fasulye,x,100.0,34.8,1.9,0.3,0.1,3.2,7.7,x
Orta boy domates ,x,100.0,18.2,0.9,0.2,0.0,1.2,3.9,x
Taze barbunya,x,100.0,128.1,8.8,0.5,0.1,6.3,22.4,x
Buyuk boy patates,x,100.0,92.9,2.5,0.1,0.0,2.2,21.0,x
Taze sikilmis limon suyu ,x,100.0,16.5,0.4,0.0,0.0,0.8,5.5,x
Bamya,x,100.0,22.5,1.9,0.2,0.0,2.5,4.6,x
Asma yapragi,x,100.0,0,0,0,0,0,0,x
Kus uzumu,x,100.0,289.8,4.1,0.3,0.0,6.8,72.8,x
Enginar,x,100.0,53.7,2.9,0.3,0.1,5.7,11.7,x
Deniz borulcesi,x,100.0,128.1,8.8,0.5,0.1,6.3,22.4,x
Kuru bakla,x,100.0,109.7,7.7,0.4,0.1,5.5,19.3,x
Ic bakla,x,100.0,129.5,8.7,0.5,0.1,6.4,22.6,x
Girit kabagi,x,100.0,0,0,0,0,0,0,x
Sari biber,x,100.0,27.6,1.0,0.2,0.0,0.9,6.2,x
Kabak cicegi,x,100.0,22.6,1.0,0.4,0.1,1.1,3.8,x
Orta boy dolmalik biber,x,100.0,27.6,0.9,0.2,0.0,1.2,6.8,x
Barbunya,x,100.0,129.5,8.7,0.5,0.1,6.4,22.6,x
Pirasa ,x,100.0,31.9,0.8,0.2,0.0,1.0,7.6,x
Portakal suyu,x,100.0,46.4,0.7,0.1,0.0,0.3,11.2,x
Kereviz,x,100.0,17.9,0.8,0.2,0.1,1.6,4.0,x
Limon kabugu,x,100.0,47.9,1.5,0.3,0.0,10.8,15.7,x
Haslanmis yumurta,x,100.0,150.4,12.6,10.5,3.2,0.0,1.1,x
Bruksel lahanasi,x,100.0,36.6,2.6,0.5,0.1,2.6,7.1,x
Yer fistigi,x,100.0,578.5,24.1,50.1,7.9,7.9,21.0,x
Enginar ,x,100.0,53.7,2.9,0.3,0.1,5.7,11.7,x
Orta boy limon,x,100.0,29.0,1.1,0.3,0.0,2.7,9.3,x
Rendelenmis parmesan peyniri,x,100.0,429.7,28.7,28.3,15.4,0.0,14.2,x
Ayiklanmis sevketi bostan,x,100.0,0,0,0,0,0,0,x
Kuzu kusbasi eti,x,100.0,301.2,24.4,20.5,8.8,0.0,0.0,x
Arpacik sogan,x,100.0,73.6,2.5,0.1,0.0,3.2,16.9,x
Baldo pirinc,x,100.0,127.4,2.7,0.3,0.1,0.4,28.4,x
Tuzlu yogurt,x,100.0,64.2,5.3,1.6,1.0,0.0,7.2,x
Firinlanmis sarimsak,x,100.0,144.8,6.4,0.7,0.0,2.0,32.5,x
Dolmalik biber,x,100.0,27.5,0.9,0.2,0.0,1.2,6.8,x
candir fasulyesi ,x,100.0,91.3,4.7,0.4,0.1,4.1,21.3,x
Visne ,x,100.0,48.6,1.0,0.3,0.1,1.6,12.1,x
Visne suyu,x,100.0,52.5,0.1,0.0,0.0,0.1,13.3,x
Portakal kabugu rendesi,x,100.0,97.3,1.5,0.2,0.0,10.7,25.1,x
Limon kabugu rendesi,x,100.0,46.5,1.5,0.3,0.0,10.6,15.8,x
Toz zerdecal,x,100.0,309.4,9.6,3.4,2.0,22.6,68.0,x
Yesil sivri biber,x,100.0,39.4,1.9,0.4,0.0,1.5,8.8,x
Kemer patlican,x,100.0,34.7,0.8,0.2,0.0,2.5,8.7,x
Basbasi bulgur,x,100.0,85.4,3.1,0.2,0.0,4.5,18.9,x
Kup seker,x,100.0,385.6,0.0,0.0,0.0,0.0,99.8,x
Dolma baharati,x,100.0,0,0,0,0,0,0,x
Beyaz sarap,x,100.0,84.2,0.1,0.0,0.0,0.0,2.6,x
Shallot sogan,x,100.0,73.6,2.5,0.1,0.0,3.2,16.9,x
Kavrulmus dolmalik fistik,x,100.0,589.7,23.8,50.5,8.0,8.1,20.9,x
Haslanmis barbunya,x,100.0,128.1,8.8,0.5,0.1,6.3,22.4,x
cubuk tarcin,x,100.0,242.5,3.8,1.5,0.0,52.2,81.0,x
cicek enginar ,x,100.0,0,0,0,0,0,0,x
Sarimsakli yogurt,x,100.0,144.8,6.4,0.7,0.0,2.0,32.5 ,x
cam fistigi,x,100.0,674.1,13.7,69.5,4.9,3.6,13.3,x
Tarcin ,x,100.0,247.4,3.9,1.1,0.4,53.8,80.4,x
Erik,x,100.0,0,0,0,0,0,0,x
Kuru incir,x,100.0,76.1,0.8,0.3,0.1,2.9,19.4,x
Kurutulmus biber,x,100.0,248.5,10.5,3.0,1.3,25.4,63.1,x
Sumak eksisi,x,100.0,276.8,13.3,14.5,2.6,34.6,49.2 ,x
Ayva,x,100.0,58.0,0.4,0.1,0.0,1.9,15.0,x
Mor havuc,x,100.0,34.0,0.8,0.2,0.0,3.0,8.3,x
Sizma zeytinyagi,x,100.0,894.9,0.0,101.5,13.9,0.0,0.0,x
Nar,x,100.0,84.2,1.7,1.2,0.1,4.1,18.5,x
Garnitur,x,100.0,0,0,0,0,0,0,x
Taze borulce,x,100.0,129.5,8.7,0.5,0.1,6.4,22.6,x
Reyhan,x,100.0,24.4,4.0,0.0,0.0,2.0,2.0,x
Buyuk boy rendelenmis domates,x,100.0,15.5,0.8,0.3,0.0,1.9,3.5,x
Kucuk boy enginar,x,100.0,53.7,2.9,0.3,0.1,5.7,11.7,x
Yesil zeytin,x,100.0,147.0,1.1,15.0,1.8,3.3,3.8,x
Kurutulmus domates,x,100.0,18.5,0.9,0.2,0.0,1.2,3.9,x
Kadayif,x,100.0,0,0,0,0,0,0,x
Isirgan yapragi,x,100.0,0,0,0,0,0,0,x
Sebze suyu,x,100.0,21.9,0.9,0.3,0.1,0.5,3.8,x
Top patlican,x,100.0,34.7,0.8,0.2,0.0,2.5,8.7,x
Biberli domates konservesi,x,100.0,18.5,0.9,0.2,0.0,1.2,3.9 ,x
Cali fasulyesi,x,100.0,34.6,1.9,0.3,0.0,3.1,7.9,x
Taze bezelye,x,100.0,82.4,5.4,0.2,0.0,5.4,15.9,x
Portakal,x,100.0,50.4,0.9,0.1,0.0,2.2,12.4,x
Zeytinyag,x,100.0,869.2,0.0,101.2,13.9,0.0,0.0,x
Mandalina,x,100.0,47.1,0.9,0.2,0.0,1.7,11.9,x
Tatli kirmizi toz biber,x,100.0,118.7,7.5,7.2,2.3,0.5,6.2,x
Zerdecal ,x,100.0,309.4,9.6,3.4,2.0,22.6,68.0,x
Yenibahar ,x,100.0,268.1,6.4,8.9,2.6,21.2,72.3,x
Pazi,x,100.0,19.4,1.9,0.1,0.0,2.1,4.0,x
Lahana,x,100.0,23.4,1.3,0.1,0.0,1.9,5.5,x
Kimyon ,x,100.0,379.3,17.8,22.4,1.4,10.5,44.5,x
Kekik ,x,100.0,102.7,5.0,1.2,0.0,13.6,25.1,x
Kuru feslegen,x,100.0,233.6,22.7,4.3,2.9,36.7,47.8,x
Domates ici,x,100.0,18.2,0.9,0.2,0.0,1.2,3.9,x
Taze sikilmis portakal suyu,x,100.0,46.4,0.7,0.1,0.0,0.3,11.2,x
Sivi krema,x,100.0,347.4,2.9,35.6,22.9,0.0,2.8,x
Kuvertur cikolata,x,100.0,540.2,7.8,29.4,18.6,3.4,58.9,x
Beyaz cikolata,x,100.0,548.7,5.9,31.7,19.5,0.2,58.1,x
Pirinc findik,x,100.0,127.4,2.7,0.3,0.1,0.4,28.4 ,x
Krem santi,x,100.0,260.9,3.1,22.0,13.7,0.0,12.7,x
Rendelenmis elma,x,100.0,53.0,0.3,0.2,0.0,2.4,14.1,x
Kakaolu petibor biskuvi,x,100.0,411.3,19.8,10.1,0.0,20.3,60.6 ,x
Toz findik,x,100.0,662.2,14.9,62.8,4.5,9.2,17.7,x
Pismeyen vanilyali puding,x,100.0,126.6,1.5,3.7,1.0,0.0,22.2,x
Toz krem santi,x,100.0,260.9,3.1,22.0,13.7,0.0,12.7,x
Cikolata kremali biskuvi,x,100.0,540.2,7.8,29.4,18.6,3.4,58.9 ,x
Hazir cikolata sosu,x,100.0,284.0,2.1,1.1,0.5,2.6,64.1,x
File badem,x,100.0,0,0,0,0,0,0,x
Cikolatali puding,x,100.0,140.1,2.1,4.6,1.3,0.0,22.7,x
Sicak sut,x,100.0,51.3,3.5,1.9,1.2,0.0,4.9,x
Toz jelatin,x,100.0,326.4,84.9,0.1,0.0,0.0,0.0,x
cirpilmis krema,x,100.0,260.9,3.1,22.0,13.7,0.0,12.7,x
Kayisi cekirdegi,x,100.0,48.3,1.4,0.4,0.0,2.0,11.1,x
Sutlu cikolata,x,100.0,81.7,3.2,3.4,2.1,0.8,10.5,x
Potibor biskuvi,x,100.0,346.1,6.9,16.3,4.3,1.5,44.8,x
cikolatali findikli puding,x,100.0,540.2,7.8,29.4,18.6,3.4,58.9,x
Findik,x,100.0,656.2,14.9,61.5,4.5,9.4,17.8,x
Rendelenmis bitter cikolata,x,100.0,542.0,4.8,31.9,18.7,7.0,60.9,x
Kakaolu hazir pandispanya keki,x,100.0,411.3,19.8,10.1,0.0,20.3,60.6,x
Damla cikolata,x,100.0,467.3,4.2,29.7,17.7,5.9,64.6,x
Orman meyveli sos,x,100.0,60.8,0.8,0.3,0.0,2.0,15.3,x
Hazir rulo pasta,x,100.0,313.0,9.6,6.5,1.6,3.7,52.9,x
cikolata kremasi,x,100.0,540.2,7.8,29.4,18.6,3.4,58.9,x
Kakaolu puding,x,100.0,411.3,19.8,10.1,0.0,20.3,60.6,x
Antep fistigi,x,100.0,584.0,21.5,44.9,5.7,10.0,27.2,x
Kakaolu biskuvi,x,100.0,411.3,19.8,10.1,0.0,20.3,60.6,x
Vanilya cubugu ,x,100.0,282.7,0.0,0.0,0.0,0.0,12.6,x
Ganaj,x,100.0,0,0,0,0,0,0,x
Rendelenmis beyaz cikolata,x,100.0,548.7,5.9,31.7,19.5,0.2,58.1,x
Halley biskuvi,x,100.0,346.1,6.9,16.3,4.3,1.5,44.8,x
Kuru meyve parcacigi,x,100.0,243.5,2.4,0.5,0.0,7.8,65.2,x
Ince cekilmis ceviz ici,x,100.0,635.9,15.2,65.0,5.9,6.9,13.8,x
Toblerone cikolata,x,100.0,515.5,5.7,28.7,17.3,2.5,62.0,x
cubuk vanilya ,x,100.0,282.7,0.0,0.0,0.0,0.0,12.6,x
Kedidili biskuvi,x,100.0,358.9,7.0,16.5,4.3,1.5,44.6,x
Findik krokan,x,100.0,656.2,14.9,61.5,4.5,9.4,17.8,x
Bitkisel sivi krem santi,x,100.0,260.9,3.1,22.0,13.7,0.0,12.7,x
Yulafli biskuvi,x,100.0,69.6,2.5,1.5,0.3,1.7,11.8,x
Hindistan cevizi sutu,x,100.0,197.2,2.0,21.2,18.8,0.0,2.8,x
Ince cekilmis antep fistigi,x,100.0,584.0,21.5,44.9,5.7,10.0,27.2,x
Eritilmis ve oda isisinda bekletilmis tereyagi,x,100.0,721.5,0.8,79.6,51.1,0.0,0.1,x
Rendelenmis limon kabugu,x,100.0,47.9,1.5,0.3,0.0,10.8,15.7,x
Dondurulmus bogurtlen,x,100.0,41.8,1.4,0.5,0.0,5.3,9.6,x
Buyuk boy yumurta aki,x,100.0,145.7,12.7,9.4,3.1,0.0,0.7,x
Sekersiz cig krema,x,100.0,347.4,2.9,35.6,22.9,0.0,2.8,x
Yogunlastirilmis sut,x,100.0,328.5,8.0,8.8,5.5,0.0,54.5,x
Findik ici,x,100.0,656.2,14.9,61.5,4.5,9.4,17.8,x
Vanilyali puding,x,100.0,126.6,1.5,3.7,1.0,0.0,22.2,x
,x,100.0,0,0,0,0,0,0,x
Damla sakizli vanilin,x,100.0,398.1,0.0,0.0,0.0,0.1,98.4,x
Pasta susu,x,100.0,393.6,3.0,17.6,2.9,0.3,57.2,x
Oda sicakliginda tereyag,x,100.0,721.5,0.8,79.6,51.1,0.0,0.1,x
Vanilyali toz puding,x,100.0,282.7,0.0,0.0,0.0,0.0,12.6,x
Kedi dili biskuvi,x,100.0,358.9,7.0,16.5,4.3,1.5,44.6,x
Kahve,x,100.0,1.0,0.1,0.0,0.0,0.0,0.0,x
Mascarpone peyniri,x,100.0,446.8,4.6,46.3,27.4,0.0,3.1,x
Konyak,x,100.0,228.9,0.0,0.0,0.0,0.0,0.0,x
Turk kahvesi,x,100.0,1.0,0.1,0.0,0.0,0.0,0.0,x
Kakaolu pirinc patlagi,x,100.0,373.9,5.6,5.1,1.0,5.8,82.1,x
Margarin,x,100.0,700.5,0.1,80.7,15.4,0.0,0.7,x
Kirmizi meyveler,x,100.0,46.5,1.0,0.4,0.0,3.9,11.1,x
Ananas,x,100.0,50.8,0.5,0.1,0.0,1.4,13.0,x
Kucuk muz,x,100.0,89.4,1.1,0.3,0.1,2.6,23.2,x
Hazir puding,x,100.0,104.6,3.2,1.9,1.1,0.4,19.0,x
Kakaolu krem santi,x,100.0,411.3,19.8,10.1,0.0,20.3,60.6,x
cekirdeksiz visne,x,100.0,63.8,1.1,0.2,0.0,2.1,15.9,x
Yemek kasigi un,x,100.0,362.6,10.2,1.0,0.2,2.7,77.0,x
Taze visne ,x,100.0,63.5,1.1,0.2,0.0,2.0,15.9,x
Esmer seker,x,100.0,381.1,0.0,0.0,0.0,0.0,98.8,x
Sut kremasi,x,100.0,51.3,3.5,1.9,1.2,0.0,4.9,x
Vanilya ,x,100.0,282.7,0.0,0.0,0.0,0.0,12.6,x
Hamsi,x,100.0,206.1,29.1,9.9,2.2,0.0,0.0,x
Orta boy palamut baligi,x,100.0,288.5,62.3,2.2,0.6,0.0,0.0,x
Palamut,x,100.0,288.5,62.3,2.2,0.6,0.0,0.0,x
Kizartma yagi,x,100.0,883.0,0.0,100.8,6.6,0.0,0.0,x
Buyuk boy palamut baligi,x,100.0,288.5,62.3,2.2,0.6,0.0,0.0,x
Istavrit,x,100.0,254.4,23.9,18.0,4.2,0.0,0.0,x
cinekop,x,100.0,0,0,0,0,0,0,x
Sardalya baligi,x,100.0,212.7,24.6,11.4,1.5,0.0,0.0,x
Ince cekilmis deniz tuzu,x,100.0,0.0,0.0,0.0,0.0,0.0,0.0,x
Taze cekilmis renkli tane karabiber,x,100.0,254.5,10.5,3.0,1.3,25.2,63.0,x
Orta boy marul,x,100.0,17.0,1.2,0.3,0.0,2.1,3.3,x
Orta boy uskumru,x,100.0,0,0,0,0,0,0,x
Somon,x,100.0,208.7,22.0,12.1,2.4,0.0,0.0,x
Kars gravyer peyniri,x,100.0,420.7,29.9,32.3,18.8,0.0,0.4,x
Barbun baligi,x,100.0,0,0,0,0,0,0,x
Toz sebze cesni ,x,100.0,32.7,1.7,0.3,0.1,3.0,6.8,x
Mezgit fileto,x,100.0,263.2,26.5,17.0,6.7,0.0,0.0,x
Kori,x,100.0,101.0,12.1,4.7,0.6,0.6,3.2,x
cupra,x,100.0,0,0,0,0,0,0,x
Rezene tohumu,x,100.0,336.1,16.1,14.9,0.5,39.4,53.0,x
Safran,x,100.0,301.8,11.5,5.8,1.4,4.3,65.5,x
Orta boy cipura,x,100.0,115.0,24.9,0.9,0.2,0.0,0.0,x
Ince cekilmis renkli tane karabiber,x,100.0,253.3,10.4,3.0,1.3,24.9,64.7,x
Iri palamut,x,100.0,0,0,0,0,0,0,x
Uskumru,x,100.0,0,0,0,0,0,0,x
Iri cekilmis deniz tuzu,x,100.0,0.0,0.0,0.0,0.0,0.0,0.0,x
Taze kekik ,x,100.0,102.7,5.0,1.2,0.0,13.6,25.1,x
Deniz levregi,x,100.0,121.7,23.4,2.6,0.7,0.0,0.0,x
Kisnis tohumu,x,100.0,301.1,12.3,17.7,1.1,42.0,55.8,x
Ince tuz,x,100.0,0.0,0.0,0.0,0.0,0.0,0.0,x
Yumurta beyazi ,x,100.0,52.9,10.9,0.2,0.0,0.0,0.7,x
Fileto mezgit,x,100.0,263.2,26.5,17.0,6.7,0.0,0.0,x
Mayonez,x,100.0,689.3,0.9,74.7,11.8,0.0,0.6,x
Kapari cicegi,x,100.0,23.2,2.3,0.8,0.2,3.3,4.9,x
Somon veya mezgit fileto,x,100.0,208.7,22.0,12.1,2.4,0.0,0.0,x
Frenk sogani,x,100.0,30.0,3.4,0.7,0.0,2.7,4.3,x
Kisnis,x,100.0,306.3,12.3,17.8,1.1,41.0,55.2,x
Butun kalamar,x,100.0,92.9,15.7,1.4,0.4,0.0,3.0,x
Jumbo karides,x,100.0,120.9,22.6,1.7,0.5,0.0,1.5,x
Kirmizi jalapeno biberi,x,100.0,28.9,0.9,0.4,0.1,2.8,6.4,x
Lemongrass ,x,100.0,101.7,1.8,0.5,0.1,0.0,25.5,x
Orta boy limon ,x,100.0,29.0,1.1,0.3,0.0,2.7,9.3,x
Kelebek makarna,x,100.0,156.0,5.7,0.9,0.2,1.8,31.3,x
Ton baligi konservesi,x,100.0,133.3,29.4,0.6,0.2,0.0,0.0,x
Kapari,x,100.0,0,0,0,0,0,0,x
Fileto somon,x,100.0,208.0,22.0,12.4,2.4,0.0,0.0,x
Bayat ekmek ici,x,100.0,261.6,8.8,3.4,0.7,2.7,50.2,x
Rendelenmis sarimsak,x,100.0,144.8,6.4,0.7,0.0,2.0,32.5,x
Kabuklu midye,x,100.0,172.4,23.9,4.5,0.8,0.0,7.3,x
Kus uzumu ,x,100.0,289.8,4.1,0.3,0.0,6.8,72.8,x
Domates salcasi ,x,100.0,81.3,4.3,0.5,0.1,4.1,18.8,x
Orta boy levrek baligi,x,100.0,121.7,23.4,2.6,0.7,0.0,0.0,x
Fileto levrek,x,100.0,263.2,26.5,17.0,6.7,0.0,0.0,x
cekirdeksiz yesil zeytin,x,100.0,148.8,1.1,15.3,1.9,3.3,3.7,x
Kapari tursusu,x,100.0,23.4,2.3,0.8,0.2,3.2,4.9,x
Kinoa,x,100.0,121.8,4.4,1.9,0.2,2.8,21.0,x
Konserve ton baligi,x,100.0,133.3,29.4,0.6,0.2,0.0,0.0,x
Somon fileto,x,100.0,208.0,22.0,12.4,2.4,0.0,0.0,x
Hardal,x,100.0,58.3,3.8,3.4,0.2,4.0,5.7,x
Ince dogranmis dereotu,x,100.0,44.3,3.0,1.0,0.0,2.0,7.1,x
Ayiklanmis karides,x,100.0,119.0,22.6,1.8,0.6,0.0,1.6,x
Kultur mantari,x,100.0,28.0,2.1,0.5,0.1,2.1,5.3,x
Somon fileto ,x,100.0,208.0,22.0,12.4,2.4,0.0,0.0,x
Taze cekilmis karabiber,x,100.0,253.3,10.4,3.0,1.3,24.9,64.7,x
Alabalik,x,100.0,191.4,26.9,8.5,1.5,0.0,0.0,x
Levrek fileto,x,100.0,118.1,24.9,1.2,0.2,0.0,0.0,x
Beyaz sirke,x,100.0,18.4,0.0,0.0,0.0,0.0,0.1,x
Toz kisnis,x,100.0,306.3,12.3,17.8,1.1,41.0,55.2,x
Beyaz seker,x,100.0,394.7,0.0,0.0,0.0,0.0,99.9,x
Dijon hardali,x,100.0,57.5,3.6,3.1,0.2,3.9,5.6,x
Tam tahilli ekmek,x,100.0,258.3,12.4,3.5,0.7,6.1,43.2,x
Somon fume,x,100.0,120.4,18.4,4.3,0.9,0.0,0.0,x
Taze kuskonmaz,x,100.0,21.4,2.4,0.2,0.1,2.0,4.2,x
Sakiz kabagi,x,100.0,22.6,1.0,0.4,0.1,1.1,3.8,x
Ince kiyilmis dereotu,x,100.0,44.3,3.0,1.0,0.0,2.0,7.1,x
Fume somon,x,100.0,120.4,18.4,4.3,0.9,0.0,0.0,x
Orta boy kirmizi sogan,x,100.0,43.7,1.4,0.2,0.0,1.4,10.1,x
Ancuez,x,100.0,0,0,0,0,0,0,x
Kucuk boy aci kirmizi biber,x,100.0,40.8,1.9,0.4,0.0,1.5,8.7,x
Taze kisnis,x,100.0,23.6,2.3,0.5,0.0,2.8,3.7,x
Beyaz karabiber,x,100.0,248.5,10.5,3.0,1.3,25.4,63.1,x
Temizlenmis karadeniz hamsi,x,100.0,206.1,29.1,9.9,2.2,0.0,0.0,x
Yagli kagit,x,100.0,0,0,0,0,0,0,x
Karides,x,100.0,119.0,22.6,1.8,0.6,0.0,1.6,x
Fileto levrek baligi,x,100.0,263.2,26.5,17.0,6.7,0.0,0.0,x
"Kucuk boy, korpe kalamar",x,100.0,92.9,15.7,1.4,0.4,0.0,3.0,x
Kucuk boy domates,x,100.0,18.2,0.9,0.2,0.0,1.2,3.9,x
Orta boy sivri biber,x,100.0,39.4,1.9,0.4,0.0,1.5,8.8,x
Kucuk boy karides,x,100.0,119.0,22.6,1.8,0.6,0.0,1.6,x
Buyuk boy yesil biber,x,100.0,27.5,0.9,0.2,0.0,1.2,6.8,x
Fileto mezgit baligi,x,100.0,263.2,26.5,17.0,6.7,0.0,0.0,x
Sade eriste,x,100.0,161.8,5.8,0.9,0.2,1.8,31.2,x
Burgu makarna,x,100.0,156.0,5.7,0.9,0.2,1.8,31.3,x
Dirsek makarna,x,100.0,156.0,5.7,0.9,0.2,1.8,31.3,x
Haslanmis bezelye,x,100.0,82.4,5.4,0.2,0.0,5.4,15.9,x
Rendelenmis eski kasar ,x,100.0,415.6,22.8,33.9,18.8,0.0,3.1,x
cok kucuk dogranmis frenk sogani ,x,100.0,30.0,3.4,0.7,0.0,2.7,4.3,x
Fiyonk makarna,x,100.0,156.0,5.7,0.9,0.2,1.8,31.3,x
uzum domates,x,100.0,18.0,0.9,0.3,0.0,1.1,3.8,x
Sarimsak ,x,100.0,144.8,6.4,0.7,0.0,2.0,32.5,x
Chili biberi,x,100.0,39.4,1.9,0.4,0.0,1.5,8.8,x
Ogutulmus top karabiber,x,100.0,253.3,10.4,3.0,1.3,24.9,64.7,x
Spagetti makarna,x,100.0,154.7,5.3,0.6,0.1,1.3,29.9,x
Taze feslegen,x,100.0,23.4,4.0,0.0,0.0,2.0,2.0,x
Misir,x,100.0,0,0,0,0,0,0,x
Fileto tavuk gogsu,x,100.0,263.2,26.5,17.0,6.7,0.0,0.0,x
Spaghetti makarna,x,100.0,154.7,5.3,0.6,0.1,1.3,29.9,x
Manti makarna,x,100.0,174.1,9.3,6.8,4.0,1.1,19.4,x
Domates rendesi,x,100.0,18.2,0.9,0.2,0.0,1.2,3.9,x
Kalem makarna,x,100.0,156.0,5.7,0.9,0.2,1.8,31.3,x
Su ,x,100.0,0,0,0,0,0,0,x
Makarnanin haslama suyu,x,100.0,156.0,5.7,0.9,0.2,1.8,31.3,x
Dana gerdan,x,100.0,0,0,0,0,0,0,x
Fettucine makarna,x,100.0,146.8,5.3,0.6,0.1,1.3,30.0,x
Parmesan,x,100.0,419.3,28.6,27.6,15.4,0.0,14.1,x
Yuksuk makarna,x,100.0,156.0,5.7,0.9,0.2,1.8,31.3,x
Lazanya,x,100.0,0,0,0,0,0,0,x
Rendelenmis muskat cevizi,x,100.0,527.5,5.9,36.4,26.2,20.7,49.0,x
Firin makarna,x,100.0,156.0,5.7,0.9,0.2,1.8,31.3,x
Muskat cevizi,x,100.0,527.5,5.9,36.4,26.2,20.7,49.0,x
Kurutulmus chili biberi,x,100.0,39.4,1.9,0.4,0.0,1.5,8.8,x
Feslegen yapragi,x,100.0,24.4,4.0,0.0,0.0,2.0,2.0,x
cecil peyniri,x,100.0,393.9,22.7,33.0,18.9,0.0,3.2,x
Rendelenmis kolot peyniri,x,100.0,393.9,22.7,33.0,18.9,0.0,3.2,x
Rendelenmis cheddar peyniri,x,100.0,405.3,22.9,32.7,18.8,0.0,3.2,x
Renkli dolmalik biber ,x,100.0,27.6,0.9,0.2,0.0,1.2,6.8,x
Kemiksiz tavuk but,x,100.0,192.6,28.8,7.3,2.0,0.0,0.0,x
Sarimsak tozu,x,100.0,331.9,16.5,0.6,0.3,9.1,72.1,x
Orta boy patates ,x,100.0,92.7,2.5,0.1,0.0,2.2,21.0,x
Semolina ,x,100.0,360.0,12.7,1.0,0.1,4.0,73.9,x
Ada cayi,x,100.0,313.2,10.1,13.1,7.1,39.9,60.5,x
Rendelenmis tulum peyniri,x,100.0,393.9,22.7,33.0,18.9,0.0,3.2,x
Ufalanmis bayat ekmek kirintisi,x,100.0,391.7,13.2,5.4,1.2,4.5,73.1,x
Orta yagli kiyma ,x,100.0,278.6,27.2,17.1,6.5,0.0,0.0,x
Kucuk boy kuru sogan,x,100.0,44.7,1.4,0.2,0.0,1.4,10.1,x
Haslanmis havuc,x,100.0,35.1,0.8,0.2,0.0,3.0,8.1,x
Patates puresi,x,100.0,114.0,2.0,4.2,0.7,1.5,16.8,x
Domates sosu,x,100.0,24.6,1.2,0.3,0.0,1.5,5.4,x
Dil peyniri,x,100.0,296.6,22.3,22.3,13.2,0.0,2.2,x
cirpilmis yogurt,x,100.0,64.2,5.3,1.6,1.0,0.0,7.2,x
Rendelenmis kuru sogan,x,100.0,44.7,1.4,0.2,0.0,1.4,10.1,x
Kofte bahari,x,100.0,289.5,14.3,22.4,7.7,2.3,8.2,x
Eksi mayali ekmek,x,100.0,278.6,10.8,2.4,0.5,2.2,52.1,x
Kuzu dos kiyma,x,100.0,278.6,27.2,17.1,6.5,0.0,0.0,x
Dana dos kiyma,x,100.0,278.6,27.2,17.1,6.5,0.0,0.0,x
Kemik suyu,x,100.0,16.4,3.7,0.1,0.0,0.0,0.2,x
Kil biber,x,100.0,39.4,1.9,0.4,0.0,1.5,8.8,x
Domates sos ,x,100.0,24.6,1.2,0.3,0.0,1.5,5.4,x
Yagli dana kiyma,x,100.0,291.9,26.6,19.7,7.8,0.0,0.0,x
Galeta,x,100.0,506.2,5.1,25.1,8.0,2.0,65.3,x
Iri dovulmus ceviz ici,x,100.0,643.2,15.2,65.0,6.1,6.6,13.7,x
Bayat ekmek ici ,x,100.0,261.6,8.8,3.4,0.7,2.7,50.2,x
Yogurt ,x,100.0,63.1,5.2,1.6,1.0,0.0,7.1,x
Tirnak pide,x,100.0,282.8,9.1,1.2,0.2,2.2,54.9,x
Koftelik ince bulgur,x,100.0,85.4,3.1,0.2,0.0,4.5,18.9,x
Orta yagli dana kiyma,x,100.0,278.6,27.2,17.1,6.5,0.0,0.0,x
Galeta unu ,x,100.0,399.9,13.3,5.4,1.2,4.5,71.4,x
Ince koftelik bulgur,x,100.0,84.3,3.1,0.2,0.0,4.6,18.8,x
Ceviz ici ,x,100.0,635.9,15.2,65.0,5.9,6.9,13.8,x
Tereyagi veya margarin,x,100.0,730.8,0.8,80.7,51.4,0.0,0.1,x
Domates- biber salcasi,x,100.0,0,0,0,0,0,0,x
Dana nuar kiyma,x,100.0,278.6,27.2,17.1,6.5,0.0,0.0,x
Marul,x,100.0,53.0,0.3,0.2,0.0,2.4,14.1,x
Buz,x,100.0,0.0,0.0,0.0,0.0,0.0,0.0,x
Bayat ekmek ici ya da galeta unu,x,100.0,391.7,13.2,5.4,1.2,4.5,73.1,x
Koftelik bulgur,x,100.0,85.4,3.1,0.2,0.0,4.5,18.9,x
Yagli kuzu bosluk eti,x,100.0,301.2,24.4,20.5,8.8,0.0,0.0,x
Trabzon ekmegi kirintisi,x,100.0,391.7,13.2,5.4,1.2,4.5,73.1,x
Karisik kofte baharati ,x,100.0,289.5,14.3,22.4,7.7,2.3,8.2,x
Az yagli dana kiyma,x,100.0,278.6,27.2,17.1,6.5,0.0,0.0,x
Yesil sogan,x,100.0,32.0,1.8,0.2,0.0,2.6,7.3,x
Toz biber,x,100.0,248.5,10.5,3.0,1.3,25.4,63.1,x
Kuzu eti,x,100.0,287.0,24.7,20.7,8.9,0.0,0.0,x
Kiyma ,x,100.0,265.1,27.0,17.0,6.5,0.0,0.0,x
Kuru reyhan,x,100.0,24.4,4.0,0.0,0.0,2.0,2.0,x
Kurutulmus reyhan,x,100.0,233.6,22.7,4.3,2.9,36.7,47.8,x
Toz defne yapragi ,x,100.0,314.7,10.0,10.1,0.0,25.3,75.6,x
Kuzu kol,x,100.0,301.2,24.4,20.5,8.8,0.0,0.0,x
Kuru reyhan ,x,100.0,24.4,4.0,0.0,0.0,2.0,2.0,x
Dana kusbasi eti,x,100.0,291.9,26.6,19.7,7.8,0.0,0.0,x
Kusbasi dana eti,x,100.0,291.9,26.6,19.7,7.8,0.0,0.0,x
Kusbasi kuzu kol,x,100.0,301.2,24.4,20.5,8.8,0.0,0.0,x
Kuyruk yagi,x,100.0,926.0,0.0,100.9,39.3,0.0,0.0,x
Iri dogranmis dana eti,x,100.0,291.9,26.6,19.7,7.8,0.0,0.0,x
Besamel sos,x,100.0,48.8,1.4,1.6,0.2,1.8,7.5,x
Salcali su,x,100.0,81.3,4.3,0.5,0.1,4.1,18.8,x
Dana tranc eti,x,100.0,0,0,0,0,0,0,x
Dana firinlik kaburga,x,100.0,113.9,18.5,3.6,1.3,0.0,0.7,x
Ciger,x,100.0,169.8,24.4,6.6,2.1,0.0,0.9,x
Kusbasi et ,x,100.0,221.2,27.7,12.2,4.4,0.0,0.0,x
Dana antrikot,x,100.0,0,0,0,0,0,0,x
Beyaz ekmek ,x,100.0,258.5,8.9,3.3,0.7,2.7,49.3,x
Kucuk biber tursusu,x,100.0,27.6,0.9,0.2,0.0,1.2,6.7,x
Kusbasi kuzu eti,x,100.0,224.9,33.7,8.7,3.2,0.0,0.0,x
Orta yagli kuzu kiyma,x,100.0,278.6,27.2,17.1,6.5,0.0,0.0,x
Dana cigeri,x,100.0,226.3,30.3,11.5,4.2,0.0,0.0,x
Dana nuar ,x,100.0,0,0,0,0,0,0,x
Dana bonfile,x,100.0,0,0,0,0,0,0,x
Tortilla ekmegi,x,100.0,318.7,8.8,7.0,1.7,3.3,55.6,x
Aci sos,x,100.0,48.8,1.4,1.6,0.2,1.8,7.5,x
Kivircik marul,x,100.0,17.0,1.2,0.3,0.0,2.1,3.3,x
Eksi krema ,x,100.0,192.5,2.4,19.6,10.1,0.0,4.7,x
Antrikot ya da but eti,x,100.0,0,0,0,0,0,0,x
Rendelenmis orta boy kuru sogan,x,100.0,44.7,1.4,0.2,0.0,1.4,10.1,x
cekilmis tane karabiber,x,100.0,253.3,10.4,3.0,1.3,24.9,64.7,x
Islatilmis ekmek ici,x,100.0,391.7,13.2,5.4,1.2,4.5,73.1,x
Mozzarella peyniri,x,100.0,300.8,22.4,22.7,13.2,0.0,2.2,x
Dana dos eti ,x,100.0,226.3,30.3,11.5,4.2,0.0,0.0,x
Ince cekilmis tuz,x,100.0,0.0,0.0,0.0,0.0,0.0,0.0,x
Kuzu incik,x,100.0,301.2,24.4,20.5,8.8,0.0,0.0,x
Orta yagli kuzu eti,x,100.0,301.2,24.4,20.5,8.8,0.0,0.0,x
Kuzu cigeri,x,100.0,226.5,30.4,8.9,3.4,0.0,2.6,x
Kokorec ,x,100.0,0,0,0,0,0,0,x
Kuzu sis,x,100.0,301.2,24.4,20.5,8.8,0.0,0.0,x
Dolmalik kirmizi biber,x,100.0,27.6,0.9,0.2,0.0,1.2,6.8,x
Sogan suyu,x,100.0,44.7,1.4,0.2,0.0,1.4,10.1,x
Bonfile,x,100.0,329.4,24.0,24.4,9.8,0.0,0.0,x
Kozlenmis patlican,x,100.0,34.7,0.8,0.2,0.0,2.5,8.7,x
Rendelenmis patates,x,100.0,92.9,2.5,0.1,0.0,2.2,21.0,x
Buyuk kuru sogan,x,100.0,44.7,1.4,0.2,0.0,1.4,10.1,x
Lazanya yapragi,x,100.0,157.7,11.4,8.5,4.0,1.0,9.2,x
Toz defne yapragi,x,100.0,314.7,10.0,10.1,0.0,25.3,75.6,x
Kuzu pirzola,x,100.0,312.2,28.6,20.9,10.7,0.0,0.0,x
Kontrfile,x,100.0,0,0,0,0,0,0,x
Mercankosk,x,100.0,271.9,13.2,6.6,0.0,39.8,59.7,x
Koyu kivamli yogurt,x,100.0,64.2,5.3,1.6,1.0,0.0,7.2,x
Ince dovulmus biftek,x,100.0,273.4,26.0,18.8,7.3,0.0,0.0,x
Domates/aci biber salcasi karisimi,x,100.0,248.5,10.5,3.0,1.3,25.4,63.1,x
Limon rendesi,x,100.0,46.5,1.5,0.3,0.0,10.6,15.8,x
Pastacilik kremasi,x,100.0,115.4,3.6,2.9,1.5,0.0,19.3,x
Marzipan,x,100.0,398.6,3.9,12.0,1.1,2.1,72.9,x
Dovulmus badem ici,x,100.0,606.8,20.7,51.7,3.9,10.8,21.1,x
Dovulmus kakule,x,100.0,314.5,10.9,6.4,0.5,27.9,68.3,x
Yas maya ,x,100.0,321.7,40.4,7.5,1.0,26.5,41.9,x
Yumurta ,x,100.0,147.0,12.5,9.7,3.1,0.0,0.7,x
Soguk tereyagi,x,100.0,721.5,0.8,79.6,51.1,0.0,0.1,x
Baklavalik yufka,x,100.0,294.0,7.1,6.1,1.5,1.9,53.6,x
Tavuk kalca,x,100.0,214.7,23.6,13.6,4.2,0.0,0.1,x
Kemiksiz tavuk kalca,x,100.0,192.6,28.8,7.3,2.0,0.0,0.0,x
Rendelenmis taze zencefil,x,100.0,79.5,2.0,1.0,0.0,2.0,17.9,x
Keten tohumu,x,100.0,549.8,18.4,43.0,3.7,27.5,28.3,x
Kakule,x,100.0,314.5,10.9,6.4,0.5,27.9,68.3,x
Kimyon tohumu,x,100.0,374.9,17.7,22.3,1.4,10.6,44.2,x
Toz tarcin,x,100.0,247.4,3.9,1.1,0.4,53.8,80.4,x
Pirinc unu,x,100.0,362.9,6.0,1.4,0.4,2.4,80.9,x
Gul suyu,x,100.0,85.4,0.4,0.0,0.0,0.0,3.8,x
Yagli tavuk eti,x,100.0,191.4,29.2,7.3,2.0,0.0,0.0,x
Buyuk boy yumurta,x,100.0,145.7,12.7,9.4,3.1,0.0,0.7,x
Nutella,x,100.0,537.8,5.4,30.3,28.5,5.5,63.0,x
Findik kremasi,x,100.0,656.2,14.9,61.5,4.5,9.4,17.8,x
Dovulmus findik,x,100.0,662.2,14.9,62.8,4.5,9.2,17.7,x
Nohut ,x,100.0,165.1,8.9,2.6,0.3,7.7,27.4,x
Kisnis ,x,100.0,306.3,12.3,17.8,1.1,41.0,55.2,x
cig kaju fistigi,x,100.0,558.5,18.2,43.9,7.7,3.4,29.7,x
Goji berry,x,100.0,356.2,14.2,0.4,0.0,12.9,78.5,x
Gunkurusu kayisi,x,100.0,242.9,3.4,0.6,0.0,7.5,63.7,x
Kurutulmus erik,x,100.0,46.2,0.7,0.3,0.0,1.4,11.4,x
Beyaz lahana ,x,100.0,23.4,1.3,0.1,0.0,1.9,5.5,x
Beyaz cikolata ,x,100.0,548.7,5.9,31.7,19.5,0.2,58.1,x
Bitter kuvertur cikolata,x,100.0,540.2,7.8,29.4,18.6,3.4,58.9,x
Sutlu kuvertur cikolata,x,100.0,51.3,3.5,1.9,1.2,0.0,4.9,x
Beyaz kuvertur cikolata,x,100.0,540.2,7.8,29.4,18.6,3.4,58.9,x
Sivi yag ,x,100.0,883.0,0.0,100.8,6.6,0.0,0.0,x
Rendelenmis portakal kabugu,x,100.0,99.7,1.5,0.2,0.0,10.9,25.4,x
Fileto tavuk gogsu ,x,100.0,263.2,26.5,17.0,6.7,0.0,0.0,x
Orta boy kapya biber,x,100.0,39.2,2.0,0.2,0.0,1.5,9.6,x
Orta boy yesil dolmalik biber,x,100.0,27.3,0.9,0.2,0.0,1.2,6.6,x
Sut kaymagi,x,100.0,51.3,3.5,1.9,1.2,0.0,4.9,x
Kucuk boy yumurta,x,100.0,147.0,12.5,9.7,3.1,0.0,0.7,x
Tereyagi ,x,100.0,721.5,0.8,79.6,51.1,0.0,0.1,x
Misir irmigi,x,100.0,93.9,3.4,1.5,0.2,2.4,21.0,x
Rendelenmis mozzarella peyniri,x,100.0,300.8,22.4,22.7,13.2,0.0,2.2,x
Taze feslegen yapragi,x,100.0,23.4,4.0,0.0,0.0,2.0,2.0,x
Yogurt kaymagi,x,100.0,64.2,5.3,1.6,1.0,0.0,7.2,x
Tavuk,x,100.0,222.6,23.7,12.9,3.7,0.0,0.0,x
Ramen,x,100.0,0,0,0,0,0,0,x
Susam yagi,x,100.0,858.8,0.0,100.6,14.1,0.0,0.0,x
Taze sogan ,x,100.0,44.7,1.4,0.2,0.0,1.4,10.1,x
Soya filizi,x,100.0,0,0,0,0,0,0,x
Vanilya ozutu ,x,100.0,292.9,0.0,0.0,0.0,0.0,12.7,x
Kucuk boy patates,x,100.0,92.7,2.5,0.1,0.0,2.2,21.0,x
Risotto pirinci,x,100.0,130.4,2.4,0.2,0.0,0.0,28.4,x
Tuzsuz lor peyniri,x,100.0,100.1,11.0,4.3,1.7,0.0,3.4,x
Elenmis un,x,100.0,362.6,10.2,1.0,0.2,2.7,77.0,x
Orta boy kirmizi elma,x,100.0,52.6,0.3,0.2,0.0,2.4,13.7,x
Dovulmus sarimsak,x,100.0,144.8,6.4,0.7,0.0,2.0,32.5,x
Frenk kimyonu,x,100.0,0,0,0,0,0,0,x
Ahududu,x,100.0,52.7,1.0,0.5,0.0,6.5,11.9,x
Nane yapragi,x,100.0,405.2,0.0,0.0,0.0,0.0,98.6,x
Ketcap,x,100.0,100.7,1.1,0.1,0.0,0.3,27.6,x
Tortilla,x,100.0,316.0,8.7,7.1,1.7,3.3,55.4,x
Yagsiz biftek,x,100.0,273.4,26.0,18.8,7.3,0.0,0.0,x
Konserve meksika fasulyesi,x,100.0,91.3,4.7,0.4,0.1,4.1,21.3,x
cig krema,x,100.0,347.4,2.9,35.6,22.9,0.0,2.8,x
cubuk vanilya,x,100.0,282.7,0.0,0.0,0.0,0.0,12.6,x
Tavuk but,x,100.0,182.1,24.1,8.9,2.4,0.0,0.0,x
Karabiber-tuz karisimi,x,100.0,0,0,0,0,0,0,x
Kruton,x,100.0,0,0,0,0,0,0,x
Taneli hardal,x,100.0,58.3,3.8,3.4,0.2,4.0,5.7,x
Portakal kabugu,x,100.0,99.7,1.5,0.2,0.0,10.9,25.4,x
Eski kasar peyniri,x,100.0,405.3,22.9,32.7,18.8,0.0,3.2,x
Iri cekilmis antep fistigi,x,100.0,584.0,21.5,44.9,5.7,10.0,27.2,x
Pirinc sirkesi,x,100.0,18.1,0.0,0.0,0.0,0.0,0.1,x
Taze zencefil,x,100.0,79.5,2.0,1.0,0.0,2.0,17.9,x
Kestane mantari,x,100.0,249.2,3.2,2.2,0.4,5.2,52.9,x
Nisasta ,x,100.0,0,0,0,0,0,0,x
Bebe biskuvisi,x,100.0,358.9,7.0,16.5,4.3,1.5,44.6,x
cikolata,x,100.0,540.2,7.8,29.4,18.6,3.4,58.9,x
Basmati veya yasmin pirinci,x,100.0,131.2,2.7,0.3,0.1,0.4,28.5,x
Safran ,x,100.0,301.8,11.5,5.8,1.4,4.3,65.5,x
Ezilmis kakule,x,100.0,314.5,10.9,6.4,0.5,27.9,68.3,x
Kuskus,x,100.0,114.1,3.8,0.2,0.0,1.4,23.4,x
Tavuk fume,x,100.0,222.6,23.7,12.9,3.7,0.0,0.0,x
Margarin veya tuzsuz tereyagi,x,100.0,700.5,0.1,80.7,15.4,0.0,0.7,x
Pirinc yufkasi,x,100.0,127.4,2.7,0.3,0.1,0.4,28.4,x
Biber,x,100.0,248.5,10.5,3.0,1.3,25.4,63.1,x
Oyster,x,100.0,160.8,18.8,4.6,1.0,0.0,10.0,x
