Food,Measure,Grams,Calories,Protein,Fat,SatFat,Fiber,Carbs,Category,Id
Inek sutu,1 qt.,976,660,32,40,36,0,48,Sut urunleri,1
Yagsiz sut,1 qt.,984,360,36,0,0,0,52,Sut urunleri,2
Ayran,1 su bardagi,246,127,9,5,4,0,13,Sut urunleri,3
Sut tozu,1 su bardagi,103,515,27,28,24,0,39,Sut urunleri,4
Keci sutu,1 su bardagi,244,165,8,10,8,0,11,Sut urunleri,5
Kakao,1 su bardagi,252,235,8,11,10,0,26,Sut urunleri,6
Misir nisastasi,1 su bardagi,248,275,9,10,9,0,40,Sut urunleri,7
Buzlu sut,1 su bardagi,190,275,9,10,9,0,32,Sut urunleri,8
Krema,1/2 su bardagi,120,170,4,15,13,0,5,Sut urunleri,9
Peynir,1 kase,225,240,30,11,10,0,6,Sut urunleri,10
Cheddar, 1/2 kap,56,226,14,19,17,0,1,Sut urunleri,11
Krem peynir,1 oz.,28,105,2,11,10,0,1,Sut urunlerii,12
Yumurta sarisi,2,34,120,6,10,8,0,0,Yaglar,13
Tereyagi,1/2 su bardagi,112,113,114,115,116,117,118,Kati ve sivi yaglar,14
Margarin,1/2 su bardagi,112,806,0,91,76,0,0,Yaglar,15
Mayonez,1 T.,15,110,0,12,5,0,0,Yaglar,16
Misir yagi,1 T.,14,125,0,14,5,0,0,Yaglar,17
Sigir Eti,3 oz.,85,245,23,16,15,0,0,Et,18
Biftek,3 oz.,85,330,20,27,25,0,0,Et,19
Jambon, 2 oz.,57,170,13,13,11,0,0,Et,20
Dana Eti,3 oz.,85,185,23,9,8,0,0,Et,21
Istiridye,3 oz.,85,87,12,1,0,0,2,Balik,22
Yengec eti,3 oz.,85,90,14,2,0,0,1,Balik,23
Istakoz,ortalama,100,92,18,1,0,0,0,Balik,24
Istiridye Baligi,6-8 orta,230,231,232,233,234,235,236,Balik,25
Somon,3 oz.,85,120,17,5,1,0,0,Balik,26
Karides,3 oz.,85,110,23,1,0,0,0,Balik,27
Kilicbaligi,1 biftek,100,180,27,6,0,0,0,Balik,28
Ton Baligi,3 oz.,85,170,25,7,3,0,0,Balik,29
Pancar,1 su bardagi,165,1,12,0,,0,0.80,Sebze A-E,30
Brokoli,1 kase,150,45,5,0,0,1.9,8,Sebze A-E,31
Bruksel lahanasi,1 su bardagi,130,60,6,0,0,1.7,12,Sebzeler A-E,32
Lahana tursusu,1 su bardagi,150,32,1,0,0,1.2,7,Sebze A-E,33
Haslanmis lahana,1 su bardagi,170,40,2,0,0,1.3,9,Sebze A-E,34
Karnabahar,1 su bardagi,120,30,3,0,0,1,6,Sebze A-E,35
Karalahana,1 su bardagi,150,51,5,0,0,2,8,Sebze A-E,36
Misir,1 basak,100,92,3,1,0,0.8,21,Sebzeler A-E,37
Hindiba,2 oz.,57,10,1,0,0,0.6,2,Sebze A-E,38
Lahana,1 su bardagi,110,45,4,1,0,0.9,8,Sebzeler F-P,39
Mantar konservesi,4,120,12,2,0,0,0,4,Sebzeler F-P,40
Sogan,1,210,80,2,0,0,1.6,18,Sebzeler F-P,41
Yesil sogan,6 kucuk,50,22,0,0,0,1,5,Sebzeler F-P,42
Maydanoz,2 T.,50,2,0,0,0,0,0,Sebzeler F-P,43
Dondurulmus bezelye,1 su bardagi,100,,5,0,0,1.8,12,Sebzeler R-Z,44
Pismis bezelye,4 su bardagi,100,115,8,0,0,0.4,21,Sebzeler R-Z,45
Biber konservesi,1 bakla,38,10,0,0,0,0,2,Sebze R-Z,46
Yesil biber, 1 buyuk,100,25,1,0,0,1.4,6,Sebzeler R-Z,47
Tatli patates,1 med.,110,155,2,1,0,1,36,Sebzeler R-Z,48
Domates suyu,1 su bardagi,240,50,2,0,0,0.6,10,Sebze R-Z,49
Elma sirkesi,1/3 su bardagi,100,14,0,0,0,0,3,Meyveler A-F,50
Kayisi,1 su bardagi,250,220,2,0,0,1,57,Meyveler A-F,51
Kurutulmus kayisi,1/2 su bardagi,75,220,4,0,0,1,50,Meyveler A-F,52
Nektari,1 su bardagi,250,140,1,0,0,2,36,Meyveler A-F,53
Avokado, 1/2 buyuk,108,185,2,18,12,1.80,6,Meyveler A-F,54
Bogurtlen,1 su bardagi,144,85,2,1,0,6.60,19,Meyveler A-F,55
Yaban mersini,1 su bardagi,250,245,1,0,0,2,65,Meyveler A-F,56
Kavun,1/2 med.,380,40,1,0,0,2.20,9,Meyveler A-F,57
Kirazlar,1 su bardagi,257,100,2,1,0,2,26,Meyveler A-F,58
Hurma,1 su bardagi,178,505,4,0,0,3.6,134,Meyveler A-F,59
incir Pekmezli Konserve,3,115,130,1,0,0,1,32,Meyveler A-F,60
Greyfurt dilimleri,1 su bardagi,250,170,1,0,0,0.5,44,Meyveler G-P,61
Uzum,1 su bardagi,153,70,1,0,0,0.8,16,Meyveler,62
Limon suyu,1/2 su bardagi,125,30,0,0,0,0,10,Meyveler G-P,63
Zeytin,10,65,72,1,10,9,0.8,3,Meyveler G-P,64
Portakal 3 cap,1 orta,180,60,2,0,0,1,16,Meyveler G-P,65
Ananas,1 buyuk dilim,122,95,0,0,0,0.4,26,Meyveler G-P,66
Ahududu,1/2 su bardagi,100,100,0,0,0,2,25,Meyveler R-Z,67
Cilek,1 su bardagi,227,242,1,0,0,1.3,60,Meyveler R-Z,68
Biskuviler,1,38,130,3,4,3,0,18,Ekmekler,69
Kepek gevregi,1 su bardagi,25,117,3,0,0,0.10,32,Ekmekler,70
Ekmek, 1 dilim,23,60,2,1,1,0.10,12,Ekmekler,71
Cavdar ekmegi,1 dilim,23,55,2,1,1,0.10,12,Ekmekler,72
Beyaz ekmek, 20 dilim veya 1 lb. somun,454,1,225,39,15,12,9.00,229,73
Tam bugday ekmegi,1 dilim,23,55,2,1,0,0.31,11,Ekmekler,74
Misir ekmegi,1 porsiyon,50,100,3,4,2,0.30,15,Ekmekler,75
Misir gevregi,1 su bardagi,25,110,2,0,0,0.1,25,Ekmekler,76
Pismis misir ezmesi,1 su bardagi,242,120,8,0,0,0,2,27,77
Misir unu,1 su bardagi,118,360,9,4,2,1.6,74,Ekmekler,78
Kraker,2 med.,14,55,1,1,0,0,10,Ekmekler,79
Soda, 2 1/2 kare,2,11,45,1,1,0,0,8,80
Un,1 su bardagi,110,460,39,22,0,2,9,33,81
Bugday (tam),1 su bardagi,120,390,13,2,0,2,8,79,82
Yulaf ezmesi,1 su bardagi,236,150,5,3,2,4.6,26,Ekmekler,83
Pirinc gevregi,1 su bardagi,30,115,2,0,0,0.1,26,Ekmekler,84
Rafine un,1,38,115,3,2,2,0,20,Ekmekler,85
Bugday,3/4 su bardagi,200,275,12,1,0,4.40,35,Ekmekler,86
Bulyon,1 su bardagi,240,24,5,0,0,0,0,Corbalar,87
Pandispanya,1 dilim,40,115,3,2,2,0,22,Tatli,88
Cikolata kremalari,2,30,130,0,4,4,0,24,Tatlilar,89
Sutlu cikolata, 2 oz. bar,56,290,2,6,6,0.2,44,Tatlilar,90
Cikolata surubu,2 T.,40,80,0,0,0,0,22,Tatlilar,91
Corek,1,33,135,2,7,4,0,17,Tatlilar,92
Buz,1 bardak,150,117,0,0,0,0,48,Tatlilar,93
Pekmez,1 T.,20,45,0,0,0,8,11,Recel,94
Toz seker,1 T.,12,50,0,0,0,0,12,Tatlilar,95
Kavrulmus Badem,1/2 su bardagi,70,439,13,40,31,1.8,13,Tohumlar ve Kuruyemisler,96
Kaju fistigi,1/2 su bardagi,70,392,12,32,28,0.9,20,Tohumlar ve Kuruyemisler,97
Hindistan cevizi,1/2 su bardagi,50,274,1,20,19,2,26,Tohumlar ve Kuruyemisler,98
Fistik ezmesi,1/3 su bardagi,50,300,12,25,17,0.9,9,Tohumlar ve Kuruyemisler,99
Yer fistigi, 1/3 su bardagi, 50,290,13,25,16,1.2,9,Tohumlar ve Kuruyemisler,100
Susam tohumlari,1/2 su bardagi,50,280,9,24,13,3.1,10,Tohumlar ve Kuruyemisler,101
Aycekirdegi,1/2 su bardagi,50,280,12,26,7,1.9,10,Tohumlar ve Kuruyemisler,102
Bakla, 0,0, 100, 05.2, 0.4, 0,0 ,09.8, x,103
Bezelye,0 , 0,	100,	06.3,	0.4,0 ,0 ,14.4, x,104
Asma Yapragi, 0,0 ,	100,	03.8,	01.1, 0,0 ,15.6, x,105
Domates, 0,0 ,	100,	01.1,	0.2,00 , 0,04.8,x ,106
Salatalik, 0, 0,	100,	0.6	,0.1, 0,0 , 03.2, x,107
Ebegumeci, 0, 0,	100,	04.4,	0.6,0 ,0 ,04.3, x,108
Enginar,0 , 0,	100,	3.0	,0.2	, 0,0 ,07.8,x ,109
Fasulye,0 ,0 ,	100,	01.8	,0.2, 0,0 ,7.0,x ,110
Havuc,0 ,0 ,	100,	01.1,	0.2, 0,0 ,10.0,x ,111
Kabak, 0, 0,	100	,1.0,0.1,0 , 0,06.6, x,112
Karnibahar, 0, 0,	100,02.7	,0.2,0 , 0,05.2, x,113
Kereviz, 0,0 ,	100,01.8	,0.3,0 , 0,08.5,x ,114
Kivircik salata, 0, 0,	100,	01.7,	0.1, 0,0 ,04.1, x,115
Beyaz Lahana, 0,0 ,	100,	01.3,	0.2,0 , 0,05.4,x ,116
Ispanak,0 , 0,	100,	03.2	,0.3, 0, 0,04.3, x,117
Marul,0 ,0 ,	100,	01.2,	0.2, 0,0 ,02.5, x,118
Mantar,0 ,0 ,	100,	02.7,	0.3, 0, 0,04.4, x,119
Maydonoz,0 , 0,	100,	03.6	,0.6,0 ,0 ,08.5, x,120
Nane,0 , 0,	100,	5.0,	01.3, 0, 0,07.9, x,121
Patlican,0 , 0,	100,	01.2,	0.2,0 ,0 ,05.6, x,122
Patates,0 ,0 ,	100,	02.1,	0.1,0 , 0,17.0, x,123
Kuru sogan,0 , 0,	100,	1.5, 0.1, 0,0 ,08.7, x,124
Pirasa, 0, 0,	100,	02.2,	0.3, 0,0 ,11.2,x ,125
Sarmisak,0 ,0 ,	100,	06.2,	0.2, 0,0 ,30.0,x ,126
Semizotu,0 , 0,	100,	2.0,	0.5, 0,0 ,03.9, x,127
Yer elmasi,0 , 0,	100,	02.3,	0.1, 0,0 ,16.7,x ,128
Turp,0 , 0,	100,	0.9,	0.1, , ,04.2, x,129
Kuru Fasulye, 0, 0,	100,	22.3,	01.6,0 , 0,61.3,x ,130
Nohut, 0, 0,	100	,20.5,	04.8, 0,0 ,61.0, x,131
Mercimek, 0,0 ,	100	,24.7,	01.1, 0,0 ,60.1, x,132
Soya Fasulyesi, 0, 0,	100,	34.0,	17.8,0 , 0,33.5,x ,133
Bakla (Ici),0 ,0 ,	100,	25.1,	01.7,0 , 0,58.2,0 ,134
Barbunya, 0,0 ,	100	,23.0,	01.2, 0,0 ,63.7, x,135
Alabalik,100 gr,100,168,18.3,10.0,,,0,X,136
Kalkan,100 gr,100,193,14.8,14.4,,,0,X,137
Levrek,100 gr,100,93,19.2,01.2,,,0,X,138
Palamut,100 gr,100,168,24.0,07.3,,,0,X,139
Uskumru,100 gr,100,159,21.9,07.3,,,0,X,140
Tuzlanmis balik,100 gr,100,305,18.5,25.1,,,0,X,141
Beyin,100 gr,100,125,10.4,08.6,,,0.8,X,142
Kuzu Bobrek,100 gr,100,105,16.8,03.3,,,0.9,X,143
Dalak (Dana),100 gr,100,104,18.1,3.0,,,0,X,144
Dil,100 gr,100,130,18.5,05.3,,,0.9,X,145
Karaciger,100 gr,100,140,19.2,04.7,,,04.1,X,146
Yurek,100 gr,100,124,15.0,05.7,,,01.8,X,147
Tavuk,100 gr,100,215,18.6,15.1,,,0,X,148
Hindi,100 gr,100,160,22.4,8.0,,,0,X,149
Bildircin,100 gr,100,192,19.8,12.1,,,0,X,150
Bamya,100 gr,100,36,02.4,0.3,,,07.6,X,151
Borulce,100 gr,100,127,9.0,0.8,,,21.8,X,152
Ayva,100 gr,100,57,0.7,0.4,,,15.3,X,153
Armut,100 gr,100,61,0.7,0.4,,,15.3,X,154
cilek,100 gr,100,37,0.7,0.5,,,08.4,X,155
Dut,100 gr,100,93,0.9,01.1,,,19.8,X,156
Elma,100 gr,100,58,0.2,0.6,,,15.0,X,157
Erik,100 gr,100,75,0.8,0.2,,,19.7,X,158
Greyfurt,100 gr,100,41,0.5,0.1,,,10.6,X,159
Incir,100 gr,100,80,01.2,0.4,,,20.4,X,160
Karpuz,100 gr,100,26,0.5,0.2,,,06.4,X,161
Kiraz,100 gr,100,70,01.3,0.3,,,17.4,X,162
Limon,100 gr,100,27,01.1,0.3,,,08.2,X,163
Mandalina,100 gr,100,46,0.8,0.2,,,11.6,X,164
Muz,100 gr,100,85,01.1,0.2,,,11.6,X,165
Portakal,100 gr,100,50,1.0,0.2,,,12.3,X,166
Seftali,100 gr,100,38,0.6,0.1,,,09.7,X,167
uzum,100 gr,100,67,0.6,0.3,,,17.3,X,168
Visne,100 gr,100,60,01.2,0.3,,,14.4,X,169
Yagli B. Peynir,100 gr,100,289,22.5,21.6,,,0,X,170
Kasar Peyniri,100 gr,100,404,27.0,31.8,,,01.4,X,171
Inek Sutu,100 gr,100,61,03.3,03.3,,,04.6,X,172
Koyun Sutu,100 gr,100,108,6.0,7.0,,,05.4,X,173
Yogurt,100 gr,100,63,05.3,01.6,,,7.0,X,174
Sigir eti,100 gr,100,225,19.4,15.8,,,0,X,175
Dana eti,100 gr,100,156,19.7,8.0,,,0,X,176
Koyun eti,100 gr,100,247,16.8,19.4,,,0,X,177
Pastirma,100 gr,100,250,29.5,13.9,,,0,X,178
Salam,100 gr,100,450,23.8,38.1,,,01.2,X,179
Sucuk,100 gr,100,452,21.4,40.8,,,0,X,180
Defne Yapragi,100 gr,100,313,07.6,08.4,,,75.6,X,181
Dereotu (Kuru),100 gr,100,253,20.0,04.4,,,56.0,X,182
Hardal,100 gr,100,470,25.0,29.0,,,35.0,X,183
Hindistan Cevizi,100 gr,100,525,06.4,36.3,,,50.0,X,184
Kirmiz Biber,100 gr,100,318,12.0,17.3,,,57.0,X,185
Kekik,100 gr,100,275,09.1,07.4,,,64.3,X,186
Tarcin,100 gr,100,260,4.0,03.2,,,80.0,X,187
Susam,100 gr,100,590,26.5,55.0,,,09.4,X,188
Zencefill,100 gr,100,350,09.1,06.1,,,71.1,X,189
Biskuvi,100 gr,100,462,05.4,16.0,,,74.5,X,190
Bugday unu,100 gr,100,365,11.8,01.1,,,74.7,X,191
Bulgur,100 gr,100,357,10.3,01.2,,,78.1,X,192
Irmik,100 gr,100,371,11.4,0.9,,,77.0,X,193
Makarna,100 gr,100,370,12.5,01.2,,,75.2,X,194
Pirinc,100 gr,100,363,06.7,0.4,,,80.4,X,195
Bal,100 gr,100,315,0.3,0,,,78.4,X,196
Dondurma,100 gr,100,193,04.5,10.6,,,20.8,X,197
cikolata,100 gr,100,550,09.3,36.0,,,51.3,X,198
Marmelat ve Recel,100 gr,100,275,0.6,0.5,,,70.0,X,199
Helva (Tahin),100 gr,100,516,10.5,30.0,,,53.5,X,200
Irmik Helvasi,100 gr,100,302,03.8,12.5,,,43.6,X,201
Seker,100 gr,100,384,0,0,,,99.5,X,202
Muhallebi,100 gr,100,173,05.1,03.8,,,29.8,X,203
Sutlac,100 gr,100,140,03.4,02.7,,,38.0,X,204
Kadayif,100 gr,100,290,04.3,10.0,,,47.0,X,205
Sobiyet,100 gr,100,300,03.5,08.5,,,45.0,X,206
Aycicek cekirdegi,100 gr,100,560,24.0,47.3,,,20.0,X,207
Badem,100 gr,100,600,18.6,54.2,,,19.8,X,208
Ceviz,100 gr,100,650,15.0,64.0,,,15.8,X,209
Findik,100 gr,100,634,12.6,62.4,,,16.8,X,210
Kabak cekirdegi,100 gr,100,610,30.1,50.0,,,10.0,X,211
Kestane,100 gr,100,194,02.9,01.5,,,42.0,X,212
Kuru Incir,100 gr,100,274,04.3,01.3,,,70.0,X,213
Kuru Kayisi,100 gr,100,260,5.0,0.5,,,66.5,X,214
Kuru uzum,100 gr,100,290,02.5,0.2,,,77.5,X,215
Sam Fistigi,100 gr,100,600,19.5,54.0,,,19.0,X,216
Et suyu tableti,100 gr,100,120,20.0,3.0,,,5.0,X,217
Ketcap,100 gr,100,106,2.0,0.5,,,25.0,X,218
Salata soslari,100 gr,100,450,0,50.1,,,02.5,X,219
Salca,100 gr,100,98,02.7,0.4,,,21.4,X,220
Sirke,100 gr,100,13,0,0,,,6.0,X,221
Tursu,100 gr,100,10,0.6,0.2,,,2.0,X,222
Yesil zeytin,100 gr,100,144,01.5,13.5,,,02.8,X,223
Siyah zeytin,100 gr,100,207,01.8,0.2,,,2.0,X,224
Zeytinyagi,100 gr,100,884,0,100.0,,,0,X,225
Dana kiyma,x,100.0,278.6,27.2,17.1,6.5,0.0,0.0,x,226
Buyuk boy sogan,x,100.0,44.7,1.4,0.2,0.0,1.4,10.1,x,227
Sarimsak,x,100.0,144.8,6.4,0.7,0.0,2.0,32.5,x,228
Yumurta,x,100.0,147.0,12.5,9.7,3.1,0.0,0.7,x,229
Tuz,x,100.0,0.0,0.0,0.0,0.0,0.0,0.0,x,230
Karabiber,x,100.0,245.3,10.5,3.0,1.3,24.8,64.1,x,231
Kimyon,x,100.0,379.3,17.8,22.4,1.4,10.5,44.5,x,232
Pul biber,x,100.0,39.4,1.9,0.4,0.0,1.5,8.8,x,233
Bayat ekmek kirintisi,x,100.0,391.7,13.2,5.4,1.2,4.5,73.1,x,234
Sivi yag,x,100.0,883.0,0.0,100.8,6.6,0.0,0.0,x,235
Domates salcasi,x,100.0,81.3,4.3,0.5,0.1,4.1,18.8,x,236
Domates puresi,x,100.0,36.9,1.7,0.2,0.0,1.9,8.9,x,237
Sicak su,x,100.0,0.0,0.0,0.0,0.0,0.0,0.0,x,238
Ispanak,x,100.0,23.3,2.9,0.3,0.0,2.4,3.8,x,239
Tuz,x,100.0,0.0,0.0,0.0,0.0,0.0,0.0,x,240
Sut,x,100.0,51.3,3.5,1.9,1.2,0.0,4.9,x,241
Rendelenmis kasar peyniri,x,100.0,405.3,22.9,32.7,18.8,0.0,3.2,x,242
Orta yagli kiyma,x,100.0,278.6,27.2,17.1,6.5,0.0,0.0,x,243
Haslanmis pirinc,x,100.0,127.4,2.7,0.3,0.1,0.4,28.4,x,244
Aycicek yagi,x,100.0,870.1,0.0,99.5,9.8,0.0,0.0,x,245
Galeta unu,x,100.0,399.9,13.3,5.4,1.2,4.5,71.4,x,246
Orta yagli dana kiymasi,x,100.0,278.6,27.2,17.1,6.5,0.0,0.0,x,247
Rendelenmis sogan,x,100.0,44.7,1.4,0.2,0.0,1.4,10.1,x,248
Haslanmis nohut,x,100.0,166.1,8.9,2.6,0.3,7.5,27.8,x,249
Su,x,100.0,0,0,0,0,0,0,x,250
Yufka,x,100.0,294.0,7.1,6.1,1.5,1.9,53.6,x,251
Tereyag,x,100.0,721.5,0.8,79.6,51.1,0.0,0.1,x,252
Kiyma,x,100.0,265.1,27.0,17.0,6.5,0.0,0.0,x,253
Bugday nisastasi,x,100.0,333.4,15.4,1.9,0.3,12.3,69.2,x,254
Ekmek ici,x,100.0,391.7,13.2,5.4,1.2,4.5,73.1,x,255
Kabartma tozu,x,100.0,54.1,0.0,0.0,0.0,0.2,27.5,x,256
Vanilin,x,100.0,0,0,0,0,0,0,x,257
Rendelenmis hindistan cevizi,x,100.0,455.3,3.2,28.3,26.3,9.9,52.3,x,258
Vanilya,x,100.0,282.7,0.0,0.0,0.0,0.0,12.6,x,259
Toz antep fistigi,x,100.0,584.0,21.5,44.9,5.7,10.0,27.2,x,260
Taze sogan,x,100.0,44.7,1.4,0.2,0.0,1.4,10.1,x,261
Dereotu,x,100.0,44.3,3.0,1.0,0.0,2.0,7.1,x,262
Hazir kek,x,100.0,393.6,3.0,17.6,2.9,0.3,57.2,x,263
Granul kahve,x,100.0,1.0,0.1,0.0,0.0,0.0,0.0,x,264
Labne peyniri,x,100.0,203.6,6.3,18.8,11.4,0.0,3.5,x,265
Ilik su,x,100.0,0.0,0.0,0.0,0.0,0.0,0.0,x,266
Kuru maya,x,100.0,0,0,0,0,0,0,x,267
Domates sos,x,100.0,24.6,1.2,0.3,0.0,1.5,5.4,x,268
Feslegen,x,100.0,24.4,4.0,0.0,0.0,2.0,2.0,x,269
Rendelenmis mozarella peyniri,x,100.0,300.8,22.4,22.7,13.2,0.0,2.2,x,270
Konserve misir,x,100.0,93.9,3.4,1.5,0.2,2.4,21.0,x,271
Biber,x,100.0,248.5,10.5,3.0,1.3,25.4,63.1,x,272
Kirmizi mercimek,x,100.0,112.8,9.0,0.4,0.1,7.8,19.4,x,273
Ince bulgur,x,100.0,333.4,15.4,1.9,0.3,12.3,69.2,x,274
Biber salcasi,x,100.0,248.5,10.5,3.0,1.3,25.4,63.1,x,275
Tereyagi,x,100.0,721.5,0.8,79.6,51.1,0.0,0.1,x,276
Pudra sekeri,x,100.0,391.1,0.0,0.0,0.0,0.0,98.1,x,277
Yumurta beyazi,x,100.0,52.9,10.9,0.2,0.0,0.0,0.7,x,278
Beyaz peynir,x,100.0,264.9,14.2,21.2,15.0,0.0,4.2,x,279
Petibor biskuvi,x,100.0,358.9,7.0,16.5,4.3,1.5,44.6,x,280
Kuzu but,x,100.0,301.2,24.4,20.5,8.8,0.0,0.0,x,281
Orta boy kuru sogan,x,100.0,44.7,1.4,0.2,0.0,1.4,10.1,x,282
Orta boy domates,x,100.0,18.2,0.9,0.2,0.0,1.2,3.9,x,283
Kasar peyniri,x,100.0,405.3,22.9,32.7,18.8,0.0,3.2,x,284
Orta boy patlican,x,100.0,34.7,0.8,0.2,0.0,2.5,8.7,x,285
Taze cekilmis tane karabiber,x,100.0,253.3,10.4,3.0,1.3,24.9,64.7,x,286
Tavuk budu,x,100.0,180.5,24.0,8.9,2.4,0.0,0.0,x,287
Defne yapragi,x,100.0,0,0,0,0,0,0,x,288
Tel sehriye,x,100.0,158.8,5.9,0.9,0.2,1.8,30.7,x,289
Nane,x,100.0,405.2,0.0,0.0,0.0,0.0,98.6,x,290
Kusbasi tavuk gogsu,x,100.0,166.2,31.0,3.5,1.0,0.0,0.0,x,291
Tane karabiber,x,100.0,254.5,10.5,3.0,1.3,25.2,63.0,x,292
Soguk sut,x,100.0,51.3,3.5,1.9,1.2,0.0,4.9,x,293
Muskat cevizi rendesi,x,100.0,527.5,5.9,36.4,26.2,20.7,49.0,x,294
Tavuk gogsu,x,100.0,166.2,31.0,3.5,1.0,0.0,0.0,x,295
Kirmizi biber,x,100.0,27.8,0.9,0.2,0.0,1.2,6.8,x,296
Dogranmis domates,x,100.0,18.5,0.9,0.2,0.0,1.2,3.9,x,297
Kuru nane,x,100.0,405.2,0.0,0.0,0.0,0.0,98.6,x,298
Kirmizi kapya biber,x,100.0,248.5,10.5,3.0,1.3,25.4,63.1,x,299
Tavuk baget,x,100.0,222.6,23.7,12.9,3.7,0.0,0.0,x,300
Taze biberiye,x,100.0,335.6,5.0,14.8,7.5,42.0,64.1,x,301
Sandvic ekmegi,x,100.0,259.2,8.9,3.4,0.7,2.6,48.7,x,302
Tavuk bonfile,x,100.0,144.8,29.8,3.3,1.0,0.0,0.0,x,303
Kapya biber,x,100.0,248.5,10.5,3.0,1.3,25.4,63.1,x,304
Sari dolmalik biber,x,100.0,27.6,0.9,0.2,0.0,1.2,6.8,x,305
Soya sosu,x,100.0,0,0,0,0,0,0,x,306
Toz kirmizi biber,x,100.0,27.8,0.9,0.2,0.0,1.2,6.8,x,307
Beyaz biber,x,100.0,248.5,10.5,3.0,1.3,25.4,63.1,x,308
Kirmizi ya da sari mercimek,x,100.0,112.4,9.1,0.4,0.1,7.9,19.3,x,309
Kirmizi toz biber,x,100.0,248.5,10.5,3.0,1.3,25.4,63.1,x,310
Kuru kekik,x,100.0,102.7,5.0,1.2,0.0,13.6,25.1,x,311
Dogranmis dereotu,x,100.0,44.3,3.0,1.0,0.0,2.0,7.1,x,312
Eritilmis bitter cikolata,x,100.0,542.0,4.8,31.9,18.7,7.0,60.9,x,313
Suzme yogurt,x,100.0,64.2,5.3,1.6,1.0,0.0,7.2,x,314
Chia tohumu,x,100.0,475.3,16.6,30.9,3.4,34.0,42.3,x,315
cig badem,x,100.0,592.9,20.8,49.0,4.1,12.5,21.3,x,316
Tam bugday unu,x,100.0,332.1,13.3,2.5,0.4,10.9,71.5,x,317
Lor peyniri,x,100.0,100.1,11.0,4.3,1.7,0.0,3.4,x,318
Nisasta,x,100.0,0,0,0,0,0,0,x,319
Hindistan cevizi rendesi,x,100.0,455.3,3.2,28.3,26.3,9.9,52.3,x,320
Ezilmis sarimsak,x,100.0,144.8,6.4,0.7,0.0,2.0,32.5,x,321
Rendelenmis mozarella,x,100.0,295.5,22.1,22.6,13.1,0.0,2.2,x,322
Yulaf,x,100.0,368.3,13.2,6.4,1.1,10.3,67.0,x,323
Hindistan cevizi yagi,x,100.0,881.6,0.0,98.8,83.1,0.0,0.0,x,324
Bitter cikolata,x,100.0,542.0,4.8,31.9,18.7,7.0,60.9,x,325
Yulaf sutu,x,100.0,368.3,13.2,6.4,1.1,10.3,67.0,x,326
Cherry domates,x,100.0,17.8,0.9,0.2,0.0,1.2,3.9,x,327
Biberiye,x,100.0,335.6,5.0,14.8,7.5,42.0,64.1,x,328
Maydanoz,x,100.0,36.1,2.9,0.8,0.3,3.5,6.2,x,329
cig sut,x,100.0,51.3,3.5,1.9,1.2,0.0,4.9,x,330
Buyuk mantar,x,100.0,28.0,2.1,0.5,0.1,2.1,5.3,x,331
Dolmalik yesil biber,x,100.0,27.5,0.9,0.2,0.0,1.2,6.8,x,332
Dolmalik sari biber,x,100.0,27.6,1.0,0.2,0.0,0.9,6.2,x,333
Kucuk boy karnabahar,x,100.0,22.4,1.8,0.5,0.1,2.3,4.1,x,334
Orta boy patates,x,100.0,92.7,2.5,0.1,0.0,2.2,21.0,x,335
Kereviz sapi,x,100.0,17.9,0.8,0.2,0.1,1.6,4.0,x,336
Sicak et suyu,x,100.0,37.1,2.5,1.2,0.3,0.0,3.5,x,337
Kruton,x,100.0,0,0,0,0,0,0,x,338
Olgun muz,x,100.0,89.4,1.1,0.3,0.1,2.6,23.2,x,339
Ceviz ici,x,100.0,635.9,15.2,65.0,5.9,6.9,13.8,x,340
Yer fistigi ezmesi,x,100.0,579.7,22.1,49.6,9.6,5.6,24.0,x,341
Arpa sehriye,x,100.0,124.8,2.2,0.4,0.1,3.9,28.6,x,342
Kozlenmis kirmizi biber tursusu,x,100.0,148.7,0.8,14.1,1.9,1.8,5.4,x,343
Kornison tursu,x,100.0,89.4,0.6,0.4,0.1,1.0,20.8,x,344
Haslanmis misir,x,100.0,93.9,3.4,1.5,0.2,2.4,21.0,x,345
Nar eksisi,x,100.0,84.2,1.7,1.2,0.1,4.1,18.5,x,346
Taze bakla,x,100.0,109.7,7.7,0.4,0.1,5.5,19.3,x,347
Buyuk boy kuru sogan,x,100.0,44.7,1.4,0.2,0.0,1.4,10.1,x,348
Limonun suyu,x,100.0,53.7,0.1,0.0,0.0,0.1,13.3,x,349
Salatalik tursusu,x,100.0,12.2,0.5,0.3,0.1,1.0,2.4,x,350
Misir konservesi,x,100.0,93.9,3.4,1.5,0.2,2.4,21.0,x,351
Kozlenmis kirmizi biber,x,100.0,52.6,0.9,3.1,0.4,1.2,6.5,x,352
Balsamik sirke,x,100.0,90.1,0.5,0.0,0.0,0.0,16.7,x,353
Toz badem,x,100.0,603.7,21.0,52.7,3.9,11.1,21.3,x,354
Labne,x,100.0,203.6,6.3,18.8,11.4,0.0,3.5,x,355
Bitter cikolata,x,100.0,542.0,4.8,31.9,18.7,7.0,60.9,x,356
Zencefil,x,100.0,78.3,2.0,1.0,0.0,2.0,18.3,x,357
Lime,x,100.0,29.6,0.7,0.2,0.0,2.9,10.6,x,358
Karbonat,x,100.0,0,0,0,0,0,0,x,359
Bebek patates,x,100.0,92.7,2.5,0.1,0.0,2.2,21.0,x,360
Haslanmis tavuk gogsu,x,100.0,166.2,31.0,3.5,1.0,0.0,0.0,x,361
Koy biberi,x,100.0,248.5,10.5,3.0,1.3,25.4,63.1,x,362
Kirmizi sogan,x,100.0,43.7,1.4,0.2,0.0,1.4,10.1,x,363
Tavuk suyu,x,100.0,6.2,0.6,0.2,0.0,0.0,0.4,x,364
Taze kekik,x,100.0,102.7,5.0,1.2,0.0,13.6,25.1,x,365
Misket limonu rendesi,x,100.0,29.6,0.7,0.2,0.0,2.9,10.6,x,366
Yarim yagli beyaz peynir,x,100.0,264.9,14.2,21.2,15.0,0.0,4.2,x,367
Orta boy kabak,x,100.0,15.4,1.1,0.4,0.1,1.0,2.7,x,368
Toz parmesan peyniri,x,100.0,424.6,28.4,27.3,15.4,0.0,14.0,x,369
Deniz tuzu,x,100.0,0.0,0.0,0.0,0.0,0.0,0.0,x,370
Buyuk boy domates,x,100.0,18.2,0.9,0.2,0.0,1.2,3.9,x,371
Kirmizi lahana tursusu,x,100.0,29.1,1.5,0.1,0.0,2.6,6.9,x,372
Kuru kayisi,x,100.0,236.3,3.5,0.6,0.0,7.5,61.9,x,373
Bostan patlicani,x,100.0,34.7,0.8,0.2,0.0,2.5,8.7,x,374
Sivri biber,x,100.0,245.3,10.5,3.0,1.3,24.8,64.1,x,375
Badem sutu,x,100.0,22.0,0.4,1.0,0.1,0.3,3.2,x,376
Vanilya ozutu,x,100.0,292.9,0.0,0.0,0.0,0.0,12.7,x,377
Taze nane,x,100.0,43.9,3.4,0.7,0.2,6.9,8.3,x,378
Roka,x,100.0,0,0,0,0,0,0,x,379
Dolmalik fistik,x,100.0,0,0,0,0,0,0,x,380
Parmesan peyniri,x,100.0,424.6,28.4,27.3,15.4,0.0,14.0,x,381
Balzamik sirke,x,100.0,0,0,0,0,0,0,x,382
Tuz-karabiber,x,100.0,0,0,0,0,0,0,x,383
Vanilya ozutu,x,100.0,292.9,0.0,0.0,0.0,0.0,12.7,x,384
Dut kurusu,x,100.0,0,0,0,0,0,0,x,385
cig findik,x,100.0,623.8,14.8,61.2,4.5,9.8,16.7,x,386
Yumurta aki,x,100.0,52.5,11.0,0.2,0.0,0.0,0.7,x,387
Yesil elma,x,100.0,50.8,0.3,0.2,0.0,2.4,13.9,x,388
Kirmizi elma,x,100.0,52.6,0.3,0.2,0.0,2.4,13.7,x,389
Kirmizi dolmalik biber,x,100.0,27.7,0.9,0.2,0.0,1.2,6.8,x,390
Kesme seker,x,100.0,376.3,0.0,0.0,0.0,0.0,102.0,x,391
Buyuk boy havuc,x,100.0,34.0,0.8,0.2,0.0,3.0,8.3,x,392
Ayiklanmis enginar,x,100.0,53.7,2.9,0.3,0.1,5.7,11.7,x,393
Taze sikilmis limon suyu,x,100.0,16.5,0.4,0.0,0.0,0.8,5.5,x,394
Karabiber,x,100.0,245.3,10.5,3.0,1.3,24.8,64.1,x,395
Yumurt sarisi,x,100.0,312.7,15.9,27.0,9.6,0.0,3.6,x,396
Iri cekilmis karabiber,x,100.0,253.3,10.4,3.0,1.3,24.9,64.7,x,397
Sari mercimek,x,100.0,112.4,9.1,0.4,0.1,7.9,19.3,x,398
Kirik pirinc,x,100.0,127.4,2.7,0.3,0.1,0.4,28.4,x,399
Koftelik kiyma,x,100.0,278.6,27.2,17.1,6.5,0.0,0.0,x,400
Rendelenmis zencefil,x,100.0,78.3,2.0,1.0,0.0,2.0,18.3,x,401
Zerdecal,x,100.0,309.4,9.6,3.4,2.0,22.6,68.0,x,402
Limonun suyu ve kabugu,x,100.0,16.5,0.4,0.0,0.0,0.8,5.5,x,403
Kiyilmis maydanoz,x,100.0,36.1,2.9,0.8,0.3,3.4,6.3,x,404
Kuzu gerdan eti,x,100.0,301.2,24.4,20.5,8.8,0.0,0.0,x,405
Kirmizi tatli toz kirmizi biber,x,100.0,276.7,14.5,13.3,2.2,34.7,53.2,x,406
Toz tarhana,x,100.0,0,0,0,0,0,0,x,407
Yesil mercimek,x,100.0,116.2,8.9,0.4,0.1,8.0,19.7,x,408
Eriste,x,100.0,162.4,5.8,0.9,0.2,1.8,30.3,x,409
Sicak tavuk suyu,x,100.0,6.2,0.6,0.2,0.0,0.0,0.4,x,410
Tereyagi veya sivi yag,x,100.0,721.5,0.8,79.6,51.1,0.0,0.1,x,411
Toz aci biber,x,100.0,39.4,1.9,0.4,0.0,1.5,8.8,x,412
Kuzu paca,x,100.0,301.2,24.4,20.5,8.8,0.0,0.0,x,413
Domates konservesi,x,100.0,18.5,0.9,0.2,0.0,1.2,3.9,x,414
Orta boy havuc,x,100.0,34.0,0.8,0.2,0.0,3.0,8.3,x,415
Zeytinyagi,x,100.0,869.2,0.0,101.2,13.9,0.0,0.0,x,416
Dereotu,x,100.0,44.3,3.0,1.0,0.0,2.0,7.1,x,417
Dogranmis maydanoz,x,100.0,36.1,2.9,0.8,0.3,3.4,6.3,x,418
Az yagli kiyma,x,100.0,278.6,27.2,17.1,6.5,0.0,0.0,x,419
Kelle,x,100.0,0,0,0,0,0,0,x,420
Ayak,x,100.0,0,0,0,0,0,0,x,421
Iskembe,x,100.0,94.1,11.7,4.1,1.4,0.0,2.0,x,422
Kucuk butun tavuk,x,100.0,246.1,27.1,13.4,3.8,0.0,0.0,x,423
Beyaz un,x,100.0,363.2,10.3,1.0,0.2,2.7,75.9,x,424
Aci biber salcasi,x,100.0,11.0,0.4,0.4,0.0,0.2,1.7,x,425
Maydanoz sapi,x,100.0,36.1,2.9,0.8,0.3,3.5,6.2,x,426
Kirmizi pul biber,x,100.0,27.8,0.9,0.2,0.0,1.2,6.8,x,427
Soguk su,x,100.0,0.0,0.0,0.0,0.0,0.0,0.0,x,428
Bal kabagi,x,100.0,20.5,0.7,0.1,0.0,1.1,4.9,x,429
Et suyu,x,100.0,221.2,27.7,12.2,4.4,0.0,0.0,x,430
Tarhun otu,x,100.0,297.1,22.8,7.2,1.7,7.3,50.7,x,431
Etli kirmizi biber,x,100.0,27.8,0.9,0.2,0.0,1.2,6.8,x,432
Kaya tuzu,x,100.0,0.0,0.0,0.0,0.0,0.0,0.0,x,433
Un,x,100.0,0,0,0,0,0,0,x,434
Dondurulmus manti,x,100.0,174.1,9.3,6.8,4.0,1.1,19.4,x,435
Haslanmis bugday,x,100.0,333.4,15.4,1.9,0.3,12.3,69.2,x,436
Haslanmis yesil mercimek,x,100.0,116.2,8.9,0.4,0.1,8.0,19.7,x,437
Et suyu veya tavuk suyu,x,100.0,37.1,2.5,1.2,0.3,0.0,3.5,x,438
Orta boy beyaz lahana,x,100.0,23.4,1.3,0.1,0.0,1.9,5.5,x,439
Sicak tavuk suyu,x,100.0,6.2,0.6,0.2,0.0,0.0,0.4,x,440
Kurutulmus cicek bamya,x,100.0,22.5,1.9,0.2,0.0,2.5,4.6,x,441
Su,x,100.0,0,0,0,0,0,0,x,442
Manti,x,100.0,261.0,7.8,15.5,6.0,1.3,23.5,x,443
Sebze suyu,x,100.0,21.9,0.9,0.3,0.1,0.5,3.8,x,444
Orta boy kirmizi biber,x,100.0,27.8,0.9,0.2,0.0,1.2,6.8,x,445
Orta boy yesil biber,x,100.0,27.5,0.9,0.2,0.0,1.2,6.8,x,446
Ekmek,x,100.0,261.6,8.8,3.4,0.7,2.7,50.2,x,447
Rendelenmis eski kasar peyniri,x,100.0,405.3,22.9,32.7,18.8,0.0,3.2,x,448
Kucuk boy havuc,x,100.0,34.0,0.8,0.2,0.0,3.0,8.3,x,449
Haslanmis kuru fasulye,x,100.0,91.3,4.7,0.4,0.1,4.1,21.3,x,450
Yarma,x,100.0,0,0,0,0,0,0,x,451
Orta boy sogan,x,100.0,44.7,1.4,0.2,0.0,1.4,10.1,x,452
Pilavlik bulgur,x,100.0,84.3,3.1,0.2,0.0,4.6,18.8,x,453
Sumak eksisi,x,100.0,276.8,13.3,14.5,2.6,34.6,49.2,x,454
Rendelenmis domates,x,100.0,18.5,0.9,0.2,0.0,1.2,3.9,x,455
Kiyma,x,100.0,265.1,27.0,17.0,6.5,0.0,0.0,x,456
Sicak et suyu,x,100.0,37.1,2.5,1.2,0.3,0.0,3.5,x,457
Eriste,x,100.0,162.4,5.8,0.9,0.2,1.8,30.3,x,458
Pul biber,x,100.0,39.4,1.9,0.4,0.0,1.5,8.8,x,459
Kuskonmaz,x,100.0,21.4,2.4,0.2,0.1,2.0,4.2,x,460
Kirmizi sarap,x,100.0,87.3,0.1,0.0,0.0,0.0,2.6,x,461
Baget ekmek,x,100.0,275.7,10.7,2.4,0.5,2.2,52.5,x,462
Gruyere ya da emmental peyniri,x,100.0,415.5,29.8,32.7,18.9,0.0,0.4,x,463
Pazi yapragi,x,100.0,19.4,1.9,0.1,0.0,2.1,4.0,x,464
Buyuk boy patlican,x,100.0,34.7,0.8,0.2,0.0,2.5,8.7,x,465
Bayat ekmek,x,100.0,261.6,8.8,3.4,0.7,2.7,50.2,x,466
Sumak,x,100.0,276.8,13.3,14.5,2.6,34.6,49.2,x,467
Suzme yogurt,x,100.0,64.2,5.3,1.6,1.0,0.0,7.2,x,468
Yagsiz beyaz peynir,x,100.0,124.9,24.2,0.1,0.1,0.0,6.8,x,469
Ilik sut,x,100.0,51.3,3.5,1.9,1.2,0.0,4.9,x,470
Tuzsuz beyaz peynir,x,100.0,318.8,20.6,23.9,13.6,0.0,2.6,x,471
Susam ve corek otu karisimi,x,100.0,379.3,17.8,22.4,1.4,10.5,44.5,x,472
Ezine peyniri,x,100.0,393.9,22.7,33.0,18.9,0.0,3.2,x,473
Limon tuzu,x,100.0,29.0,1.1,0.3,0.0,2.7,9.3,x,474
Kuzu kiyma,x,100.0,282.1,24.7,19.7,8.2,0.0,0.0,x,475
Aci kirmizi pul biber,x,100.0,40.8,1.9,0.4,0.0,1.5,8.7,x,476
Yenibahar,x,100.0,268.1,6.4,8.9,2.6,21.2,72.3,x,477
Kurutulmus dana bagirsagi,x,100.0,0,0,0,0,0,0,x,478
Oda sicakliginda margarin,x,100.0,700.5,0.1,80.7,15.4,0.0,0.7,x,479
Instant maya,x,100.0,0,0,0,0,0,0,x,480
Yumurta,x,100.0,147.0,12.5,9.7,3.1,0.0,0.7,x,481
corek otu,x,100.0,379.3,17.8,22.4,1.4,10.5,44.5,x,482
seker,x,100.0,400.4,0.0,0.2,0.0,0.0,98.2,x,483
Aycicek yagi,x,100.0,870.1,0.0,99.5,9.8,0.0,0.0,x,484
Maden suyu,x,100.0,0.0,0.0,0.0,0.0,0.0,0.0,x,485
Ufalanmis beyaz peynir,x,100.0,264.9,14.2,21.2,15.0,0.0,4.2,x,486
Mihalic peyniri,x,100.0,393.9,22.7,33.0,18.9,0.0,3.2,x,487
Gunluk yufka,x,100.0,436.4,3.0,25.8,9.7,1.8,50.8,x,488
Pratik macar salam,x,100.0,0,0,0,0,0,0,x,489
Eritilmis tereyagi,x,100.0,721.5,0.8,79.6,51.1,0.0,0.1,x,490
corek otu,x,100.0,379.3,17.8,22.4,1.4,10.5,44.5,x,491
Ince kiyilmis maydanoz,x,100.0,36.1,2.9,0.8,0.3,3.4,6.3,x,492
uzum sirkesi,x,100.0,81.4,0.1,0.0,0.0,0.0,2.6,x,493
Ekmek kirintisi,x,100.0,385.8,13.4,5.4,1.2,4.6,72.8,x,494
Yas maya,x,100.0,321.7,40.4,7.5,1.0,26.5,41.9,x,495
Kavrulmus yer fistigi,x,100.0,589.7,23.8,50.5,8.0,8.1,20.9,x,496
Maydanoz yapragi,x,100.0,36.1,2.9,0.8,0.3,3.5,6.2,x,497
Haslanmis patates,x,100.0,87.3,1.9,0.1,0.0,1.8,20.5,x,498
Orta boy haslanmis patates,x,100.0,85.2,1.9,0.1,0.0,1.8,20.5,x,499
cok kucuk dogranmis maydanoz,x,100.0,36.1,2.9,0.8,0.3,3.4,6.3,x,500
Karabiber ve pulbiber,x,100.0,245.3,10.5,3.0,1.3,24.8,64.1,x,501
Tahin,x,100.0,590.1,17.3,54.0,7.5,4.8,21.2,x,502
Oda isisinda su,x,100.0,0.0,0.0,0.0,0.0,0.0,0.0,x,503
Toz kimyon,x,100.0,379.3,17.8,22.4,1.4,10.5,44.5,x,504
Tatli toz kirmizi biber,x,100.0,276.7,14.5,13.3,2.2,34.7,53.2,x,505
Toz karabiber,x,100.0,253.3,10.4,3.0,1.3,24.9,64.7,x,506
Olgunlasmamis ceviz,x,100.0,664.8,15.2,64.5,5.9,6.9,13.6,x,507
Kirec kaymagi,x,100.0,29.6,0.7,0.2,0.0,2.9,10.6,x,508
Karanfil,x,100.0,277.4,6.1,12.8,3.8,33.4,65.1,x,509
Tatli kirmizi biber,x,100.0,276.7,14.5,13.3,2.2,34.7,53.2,x,510
cemen tozu,x,100.0,0,0,0,0,0,0,x,511
Kisnis tozu,x,100.0,306.3,12.3,17.8,1.1,41.0,55.2,x,512
Hardal tozu,x,100.0,513.0,26.0,36.2,2.0,12.2,28.1,x,513
Kereviz yapragi,x,100.0,17.9,0.8,0.2,0.1,1.6,4.0,x,514
Kiraz,x,100.0,63.8,1.1,0.2,0.0,2.1,15.9,x,515
Milfoy hamuru,x,100.0,547.7,7.4,37.8,5.5,1.5,44.9,x,516
Ezilmis hashas,x,100.0,0,0,0,0,0,0,x,517
ispanak,x,100.0,23.3,2.9,0.3,0.0,2.4,3.8,x,518
Ince dogranmis maydanoz,x,100.0,36.1,2.9,0.8,0.3,3.4,6.3,x,519
Kuru domates,x,100.0,18.2,0.9,0.2,0.0,1.2,3.9,x,520
Surulebilir beyaz peynir,x,100.0,318.8,20.6,23.9,13.6,0.0,2.6,x,521
Kiraz domates,x,100.0,17.8,0.9,0.2,0.0,1.2,3.9,x,522
Dag kekigi,x,100.0,102.7,5.0,1.2,0.0,13.6,25.1,x,523
Ayiklanmis maydanoz,x,100.0,36.1,2.9,0.8,0.3,3.4,6.3,x,524
Suzme peynir,x,100.0,98.3,11.2,4.3,1.7,0.0,3.4,x,525
Dana jambon,x,100.0,141.6,22.2,5.1,0.9,0.0,1.0,x,526
Hindi fume,x,100.0,113.5,13.4,3.0,0.1,0.4,7.8,x,527
Sosis,x,100.0,321.9,18.4,26.9,8.8,0.0,1.4,x,528
carliston biber,x,100.0,248.5,10.5,3.0,1.3,25.4,63.1,x,529
Maya,x,100.0,0,0,0,0,0,0,x,530
Tost ekmegi,x,100.0,289.0,9.1,4.0,0.8,3.0,54.4,x,531
Tatli yesil sivri biber,x,100.0,39.4,1.9,0.4,0.0,1.5,8.8,x,532
Kolot peyniri,x,100.0,98.3,11.2,4.3,1.7,0.0,3.4,x,533
Kaynar su,x,100.0,0.0,0.0,0.0,0.0,0.0,0.0,x,534
Inek sutu,x,100.0,51.3,3.5,1.9,1.2,0.0,4.9,x,535
Vanilya cubugu,x,100.0,282.7,0.0,0.0,0.0,0.0,12.6,x,536
Dovulmus limon tuzu,x,100.0,29.0,1.1,0.3,0.0,2.7,9.3,x,537
Trabzon peyniri,x,100.0,69.4,0.6,0.2,0.0,3.6,18.8,x,538
Orta boy sulu ayva,x,100.0,58.0,0.4,0.1,0.0,1.9,15.0,x,539
Yagsiz kiyma,x,100.0,231.1,28.2,12.1,4.7,0.0,0.0,x,540
seftali,x,100.0,39.9,0.9,0.3,0.0,1.5,9.7,x,541
Tel peyniri,x,100.0,296.6,22.3,22.3,13.2,0.0,2.2,x,542
Taze fasulye,x,100.0,34.8,1.9,0.3,0.1,3.2,7.7,x,543
Orta boy domates,x,100.0,18.2,0.9,0.2,0.0,1.2,3.9,x,544
Taze barbunya,x,100.0,128.1,8.8,0.5,0.1,6.3,22.4,x,545
Buyuk boy patates,x,100.0,92.9,2.5,0.1,0.0,2.2,21.0,x,546
Taze sikilmis limon suyu,x,100.0,16.5,0.4,0.0,0.0,0.8,5.5,x,547
Asma yapragi,x,100.0,0,0,0,0,0,0,x,548
Kus uzumu,x,100.0,289.8,4.1,0.3,0.0,6.8,72.8,x,549
Deniz borulcesi,x,100.0,128.1,8.8,0.5,0.1,6.3,22.4,x,550
Kuru bakla,x,100.0,109.7,7.7,0.4,0.1,5.5,19.3,x,551
Ic bakla,x,100.0,129.5,8.7,0.5,0.1,6.4,22.6,x,552
Girit kabagi,x,100.0,0,0,0,0,0,0,x,553
Sari biber,x,100.0,27.6,1.0,0.2,0.0,0.9,6.2,x,554
Kabak cicegi,x,100.0,22.6,1.0,0.4,0.1,1.1,3.8,x,555
Orta boy dolmalik biber,x,100.0,27.6,0.9,0.2,0.0,1.2,6.8,x,556
Pirasa,x,100.0,31.9,0.8,0.2,0.0,1.0,7.6,x,557
Portakal suyu,x,100.0,46.4,0.7,0.1,0.0,0.3,11.2,x,558
Limon kabugu,x,100.0,47.9,1.5,0.3,0.0,10.8,15.7,x,559
Haslanmis yumurta,x,100.0,150.4,12.6,10.5,3.2,0.0,1.1,x,560
Enginar,x,100.0,53.7,2.9,0.3,0.1,5.7,11.7,x,561
Orta boy limon,x,100.0,29.0,1.1,0.3,0.0,2.7,9.3,x,562
Rendelenmis parmesan peyniri,x,100.0,429.7,28.7,28.3,15.4,0.0,14.2,x,563
Ayiklanmis sevketi bostan,x,100.0,0,0,0,0,0,0,x,564
Kuzu kusbasi eti,x,100.0,301.2,24.4,20.5,8.8,0.0,0.0,x,565
Arpacik sogan,x,100.0,73.6,2.5,0.1,0.0,3.2,16.9,x,566
Baldo pirinc,x,100.0,127.4,2.7,0.3,0.1,0.4,28.4,x,567
Tuzlu yogurt,x,100.0,64.2,5.3,1.6,1.0,0.0,7.2,x,568
Firinlanmis sarimsak,x,100.0,144.8,6.4,0.7,0.0,2.0,32.5,x,569
Dolmalik biber,x,100.0,27.5,0.9,0.2,0.0,1.2,6.8,x,570
candir fasulyesi,x,100.0,91.3,4.7,0.4,0.1,4.1,21.3,x,571
Visne,x,100.0,48.6,1.0,0.3,0.1,1.6,12.1,x,572
Visne suyu,x,100.0,52.5,0.1,0.0,0.0,0.1,13.3,x,573
Portakal kabugu rendesi,x,100.0,97.3,1.5,0.2,0.0,10.7,25.1,x,574
Limon kabugu rendesi,x,100.0,46.5,1.5,0.3,0.0,10.6,15.8,x,575
Toz zerdecal,x,100.0,309.4,9.6,3.4,2.0,22.6,68.0,x,576
Yesil sivri biber,x,100.0,39.4,1.9,0.4,0.0,1.5,8.8,x,577
Kemer patlican,x,100.0,34.7,0.8,0.2,0.0,2.5,8.7,x,578
Basbasi bulgur,x,100.0,85.4,3.1,0.2,0.0,4.5,18.9,x,579
Kup seker,x,100.0,385.6,0.0,0.0,0.0,0.0,99.8,x,580
Dolma baharati,x,100.0,0,0,0,0,0,0,x,581
Beyaz sarap,x,100.0,84.2,0.1,0.0,0.0,0.0,2.6,x,582
Shallot sogan,x,100.0,73.6,2.5,0.1,0.0,3.2,16.9,x,583
Kavrulmus dolmalik fistik,x,100.0,589.7,23.8,50.5,8.0,8.1,20.9,x,584
Haslanmis barbunya,x,100.0,128.1,8.8,0.5,0.1,6.3,22.4,x,585
cubuk tarcin,x,100.0,242.5,3.8,1.5,0.0,52.2,81.0,x,586
cicek enginar,x,100.0,0,0,0,0,0,0,x,587
Sarimsakli yogurt,x,100.0,144.8,6.4,0.7,0.0,2.0,32.5 ,x,588
cam fistigi,x,100.0,674.1,13.7,69.5,4.9,3.6,13.3,x,589
Tarcin,x,100.0,247.4,3.9,1.1,0.4,53.8,80.4,x,590
Kuru incir,x,100.0,76.1,0.8,0.3,0.1,2.9,19.4,x,591
Kurutulmus biber,x,100.0,248.5,10.5,3.0,1.3,25.4,63.1,x,592
Sumak eksisi,x,100.0,276.8,13.3,14.5,2.6,34.6,49.2 ,x,593
Mor havuc,x,100.0,34.0,0.8,0.2,0.0,3.0,8.3,x,594
Sizma zeytinyagi,x,100.0,894.9,0.0,101.5,13.9,0.0,0.0,x,595
Nar,x,100.0,84.2,1.7,1.2,0.1,4.1,18.5,x,596
Garnitur,x,100.0,0,0,0,0,0,0,x,597
Taze borulce,x,100.0,129.5,8.7,0.5,0.1,6.4,22.6,x,598
Reyhan,x,100.0,24.4,4.0,0.0,0.0,2.0,2.0,x,599
Buyuk boy rendelenmis domates,x,100.0,15.5,0.8,0.3,0.0,1.9,3.5,x,600
Kucuk boy enginar,x,100.0,53.7,2.9,0.3,0.1,5.7,11.7,x,601
Kurutulmus domates,x,100.0,18.5,0.9,0.2,0.0,1.2,3.9,x,602
Isirgan yapragi,x,100.0,0,0,0,0,0,0,x,603
Sebze suyu,x,100.0,21.9,0.9,0.3,0.1,0.5,3.8,x,604
Top patlican,x,100.0,34.7,0.8,0.2,0.0,2.5,8.7,x,605
Biberli domates konservesi,x,100.0,18.5,0.9,0.2,0.0,1.2,3.9 ,x,606
Cali fasulyesi,x,100.0,34.6,1.9,0.3,0.0,3.1,7.9,x,607
Taze bezelye,x,100.0,82.4,5.4,0.2,0.0,5.4,15.9,x,608
Zeytinyag,x,100.0,869.2,0.0,101.2,13.9,0.0,0.0,x,609
Tatli kirmizi toz biber,x,100.0,118.7,7.5,7.2,2.3,0.5,6.2,x,610
Zerdecal,x,100.0,309.4,9.6,3.4,2.0,22.6,68.0,x,611
Yenibahar,x,100.0,268.1,6.4,8.9,2.6,21.2,72.3,x,612
Pazi,x,100.0,19.4,1.9,0.1,0.0,2.1,4.0,x,613
Kimyon,x,100.0,379.3,17.8,22.4,1.4,10.5,44.5,x,614
Kekik,x,100.0,102.7,5.0,1.2,0.0,13.6,25.1,x,615
Kuru feslegen,x,100.0,233.6,22.7,4.3,2.9,36.7,47.8,x,616
Domates ici,x,100.0,18.2,0.9,0.2,0.0,1.2,3.9,x,617
Taze sikilmis portakal suyu,x,100.0,46.4,0.7,0.1,0.0,0.3,11.2,x,618
Sivi krema,x,100.0,347.4,2.9,35.6,22.9,0.0,2.8,x,619
Kuvertur cikolata,x,100.0,540.2,7.8,29.4,18.6,3.4,58.9,x,620
Beyaz cikolata,x,100.0,548.7,5.9,31.7,19.5,0.2,58.1,x,621
Pirinc findik,x,100.0,127.4,2.7,0.3,0.1,0.4,28.4 ,x,622
Krem santi,x,100.0,260.9,3.1,22.0,13.7,0.0,12.7,x,623
Rendelenmis elma,x,100.0,53.0,0.3,0.2,0.0,2.4,14.1,x,624
Kakaolu petibor biskuvi,x,100.0,411.3,19.8,10.1,0.0,20.3,60.6 ,x,625
Toz findik,x,100.0,662.2,14.9,62.8,4.5,9.2,17.7,x,626
Pismeyen vanilyali puding,x,100.0,126.6,1.5,3.7,1.0,0.0,22.2,x,627
Toz krem santi,x,100.0,260.9,3.1,22.0,13.7,0.0,12.7,x,628
Cikolata kremali biskuvi,x,100.0,540.2,7.8,29.4,18.6,3.4,58.9 ,x,629
Hazir cikolata sosu,x,100.0,284.0,2.1,1.1,0.5,2.6,64.1,x,630
File badem,x,100.0,0,0,0,0,0,0,x,631
Cikolatali puding,x,100.0,140.1,2.1,4.6,1.3,0.0,22.7,x,632
Sicak sut,x,100.0,51.3,3.5,1.9,1.2,0.0,4.9,x,633
Toz jelatin,x,100.0,326.4,84.9,0.1,0.0,0.0,0.0,x,634
cirpilmis krema,x,100.0,260.9,3.1,22.0,13.7,0.0,12.7,x,635
Kayisi cekirdegi,x,100.0,48.3,1.4,0.4,0.0,2.0,11.1,x,636
Potibor biskuvi,x,100.0,346.1,6.9,16.3,4.3,1.5,44.8,x,637
cikolatali findikli puding,x,100.0,540.2,7.8,29.4,18.6,3.4,58.9,x,638
Rendelenmis bitter cikolata,x,100.0,542.0,4.8,31.9,18.7,7.0,60.9,x,639
Kakaolu hazir pandispanya keki,x,100.0,411.3,19.8,10.1,0.0,20.3,60.6,x,640
Damla cikolata,x,100.0,467.3,4.2,29.7,17.7,5.9,64.6,x,641
Orman meyveli sos,x,100.0,60.8,0.8,0.3,0.0,2.0,15.3,x,642
Hazir rulo pasta,x,100.0,313.0,9.6,6.5,1.6,3.7,52.9,x,643
cikolata kremasi,x,100.0,540.2,7.8,29.4,18.6,3.4,58.9,x,644
Kakaolu puding,x,100.0,411.3,19.8,10.1,0.0,20.3,60.6,x,645
Antep fistigi,x,100.0,584.0,21.5,44.9,5.7,10.0,27.2,x,646
Kakaolu biskuvi,x,100.0,411.3,19.8,10.1,0.0,20.3,60.6,x,647
Vanilya cubugu,x,100.0,282.7,0.0,0.0,0.0,0.0,12.6,x,648
Ganaj,x,100.0,0,0,0,0,0,0,x,649
Rendelenmis beyaz cikolata,x,100.0,548.7,5.9,31.7,19.5,0.2,58.1,x,650
Halley biskuvi,x,100.0,346.1,6.9,16.3,4.3,1.5,44.8,x,651
Kuru meyve parcacigi,x,100.0,243.5,2.4,0.5,0.0,7.8,65.2,x,652
Ince cekilmis ceviz ici,x,100.0,635.9,15.2,65.0,5.9,6.9,13.8,x,653
Toblerone cikolata,x,100.0,515.5,5.7,28.7,17.3,2.5,62.0,x,654
cubuk vanilya,x,100.0,282.7,0.0,0.0,0.0,0.0,12.6,x,655
Kedidili biskuvi,x,100.0,358.9,7.0,16.5,4.3,1.5,44.6,x,656
Findik krokan,x,100.0,656.2,14.9,61.5,4.5,9.4,17.8,x,657
Bitkisel sivi krem santi,x,100.0,260.9,3.1,22.0,13.7,0.0,12.7,x,658
Yulafli biskuvi,x,100.0,69.6,2.5,1.5,0.3,1.7,11.8,x,659
Hindistan cevizi sutu,x,100.0,197.2,2.0,21.2,18.8,0.0,2.8,x,660
Ince cekilmis antep fistigi,x,100.0,584.0,21.5,44.9,5.7,10.0,27.2,x,661
Eritilmis ve oda isisinda bekletilmis tereyagi,x,100.0,721.5,0.8,79.6,51.1,0.0,0.1,x,662
Rendelenmis limon kabugu,x,100.0,47.9,1.5,0.3,0.0,10.8,15.7,x,663
Dondurulmus bogurtlen,x,100.0,41.8,1.4,0.5,0.0,5.3,9.6,x,664
Buyuk boy yumurta aki,x,100.0,145.7,12.7,9.4,3.1,0.0,0.7,x,665
Sekersiz cig krema,x,100.0,347.4,2.9,35.6,22.9,0.0,2.8,x,666
Yogunlastirilmis sut,x,100.0,328.5,8.0,8.8,5.5,0.0,54.5,x,667
Findik ici,x,100.0,656.2,14.9,61.5,4.5,9.4,17.8,x,668
Vanilyali puding,x,100.0,126.6,1.5,3.7,1.0,0.0,22.2,x,669
,x,100.0,0,0,0,0,0,0,x,670
Damla sakizli vanilin,x,100.0,398.1,0.0,0.0,0.0,0.1,98.4,x,671
Pasta susu,x,100.0,393.6,3.0,17.6,2.9,0.3,57.2,x,672
Oda sicakliginda tereyag,x,100.0,721.5,0.8,79.6,51.1,0.0,0.1,x,673
Vanilyali toz puding,x,100.0,282.7,0.0,0.0,0.0,0.0,12.6,x,674
Kedi dili biskuvi,x,100.0,358.9,7.0,16.5,4.3,1.5,44.6,x,675
Kahve,x,100.0,1.0,0.1,0.0,0.0,0.0,0.0,x,676
Mascarpone peyniri,x,100.0,446.8,4.6,46.3,27.4,0.0,3.1,x,677
Konyak,x,100.0,228.9,0.0,0.0,0.0,0.0,0.0,x,678
Turk kahvesi,x,100.0,1.0,0.1,0.0,0.0,0.0,0.0,x,679
Kakaolu pirinc patlagi,x,100.0,373.9,5.6,5.1,1.0,5.8,82.1,x,680
Kirmizi meyveler,x,100.0,46.5,1.0,0.4,0.0,3.9,11.1,x,681
Kucuk muz,x,100.0,89.4,1.1,0.3,0.1,2.6,23.2,x,682
Hazir puding,x,100.0,104.6,3.2,1.9,1.1,0.4,19.0,x,683
Kakaolu krem santi,x,100.0,411.3,19.8,10.1,0.0,20.3,60.6,x,684
cekirdeksiz visne,x,100.0,63.8,1.1,0.2,0.0,2.1,15.9,x,685
Yemek kasigi un,x,100.0,362.6,10.2,1.0,0.2,2.7,77.0,x,686
Taze visne,x,100.0,63.5,1.1,0.2,0.0,2.0,15.9,x,687
Esmer seker,x,100.0,381.1,0.0,0.0,0.0,0.0,98.8,x,688
Sut kremasi,x,100.0,51.3,3.5,1.9,1.2,0.0,4.9,x,689
Vanilya,x,100.0,282.7,0.0,0.0,0.0,0.0,12.6,x,690
Hamsi,x,100.0,206.1,29.1,9.9,2.2,0.0,0.0,x,691
Orta boy palamut baligi,x,100.0,288.5,62.3,2.2,0.6,0.0,0.0,x,692
Kizartma yagi,x,100.0,883.0,0.0,100.8,6.6,0.0,0.0,x,693
Buyuk boy palamut baligi,x,100.0,288.5,62.3,2.2,0.6,0.0,0.0,x,694
Istavrit,x,100.0,254.4,23.9,18.0,4.2,0.0,0.0,x,695
cinekop,x,100.0,0,0,0,0,0,0,x,696
Sardalya baligi,x,100.0,212.7,24.6,11.4,1.5,0.0,0.0,x,697
Ince cekilmis deniz tuzu,x,100.0,0.0,0.0,0.0,0.0,0.0,0.0,x,698
Taze cekilmis renkli tane karabiber,x,100.0,254.5,10.5,3.0,1.3,25.2,63.0,x,699
Orta boy marul,x,100.0,17.0,1.2,0.3,0.0,2.1,3.3,x,700
Orta boy uskumru,x,100.0,0,0,0,0,0,0,x,701
Kars gravyer peyniri,x,100.0,420.7,29.9,32.3,18.8,0.0,0.4,x,702
Barbun baligi,x,100.0,0,0,0,0,0,0,x,703
Toz sebze cesni,x,100.0,32.7,1.7,0.3,0.1,3.0,6.8,x,704
Mezgit fileto,x,100.0,263.2,26.5,17.0,6.7,0.0,0.0,x,705
Kori,x,100.0,101.0,12.1,4.7,0.6,0.6,3.2,x,706
cupra,x,100.0,0,0,0,0,0,0,x,707
Rezene tohumu,x,100.0,336.1,16.1,14.9,0.5,39.4,53.0,x,708
Safran,x,100.0,301.8,11.5,5.8,1.4,4.3,65.5,x,709
Orta boy cipura,x,100.0,115.0,24.9,0.9,0.2,0.0,0.0,x,710
Ince cekilmis renkli tane karabiber,x,100.0,253.3,10.4,3.0,1.3,24.9,64.7,x,711
Iri palamut,x,100.0,0,0,0,0,0,0,x,712
Iri cekilmis deniz tuzu,x,100.0,0.0,0.0,0.0,0.0,0.0,0.0,x,713
Taze kekik,x,100.0,102.7,5.0,1.2,0.0,13.6,25.1,x,714
Deniz levregi,x,100.0,121.7,23.4,2.6,0.7,0.0,0.0,x,715
Kisnis tohumu,x,100.0,301.1,12.3,17.7,1.1,42.0,55.8,x,716
Ince tuz,x,100.0,0.0,0.0,0.0,0.0,0.0,0.0,x,717
Yumurta beyazi,x,100.0,52.9,10.9,0.2,0.0,0.0,0.7,x,718
Fileto mezgit,x,100.0,263.2,26.5,17.0,6.7,0.0,0.0,x,719
Kapari cicegi,x,100.0,23.2,2.3,0.8,0.2,3.3,4.9,x,720
Somon veya mezgit fileto,x,100.0,208.7,22.0,12.1,2.4,0.0,0.0,x,721
Frenk sogani,x,100.0,30.0,3.4,0.7,0.0,2.7,4.3,x,722
Kisnis,x,100.0,306.3,12.3,17.8,1.1,41.0,55.2,x,723
Butun kalamar,x,100.0,92.9,15.7,1.4,0.4,0.0,3.0,x,724
Jumbo karides,x,100.0,120.9,22.6,1.7,0.5,0.0,1.5,x,725
Kirmizi jalapeno biberi,x,100.0,28.9,0.9,0.4,0.1,2.8,6.4,x,726
Lemongrass,x,100.0,101.7,1.8,0.5,0.1,0.0,25.5,x,727
Orta boy limon,x,100.0,29.0,1.1,0.3,0.0,2.7,9.3,x,728
Kelebek makarna,x,100.0,156.0,5.7,0.9,0.2,1.8,31.3,x,729
Ton baligi konservesi,x,100.0,133.3,29.4,0.6,0.2,0.0,0.0,x,730
Kapari,x,100.0,0,0,0,0,0,0,x,731
Fileto somon,x,100.0,208.0,22.0,12.4,2.4,0.0,0.0,x,732
Bayat ekmek ici,x,100.0,261.6,8.8,3.4,0.7,2.7,50.2,x,733
Rendelenmis sarimsak,x,100.0,144.8,6.4,0.7,0.0,2.0,32.5,x,734
Kabuklu midye,x,100.0,172.4,23.9,4.5,0.8,0.0,7.3,x,735
Kus uzumu,x,100.0,289.8,4.1,0.3,0.0,6.8,72.8,x,736
Domates salcasi,x,100.0,81.3,4.3,0.5,0.1,4.1,18.8,x,737
Orta boy levrek baligi,x,100.0,121.7,23.4,2.6,0.7,0.0,0.0,x,738
Fileto levrek,x,100.0,263.2,26.5,17.0,6.7,0.0,0.0,x,739
cekirdeksiz yesil zeytin,x,100.0,148.8,1.1,15.3,1.9,3.3,3.7,x,740
Kapari tursusu,x,100.0,23.4,2.3,0.8,0.2,3.2,4.9,x,741
Kinoa,x,100.0,121.8,4.4,1.9,0.2,2.8,21.0,x,742
Konserve ton baligi,x,100.0,133.3,29.4,0.6,0.2,0.0,0.0,x,743
Somon fileto,x,100.0,208.0,22.0,12.4,2.4,0.0,0.0,x,744
Ince dogranmis dereotu,x,100.0,44.3,3.0,1.0,0.0,2.0,7.1,x,745
Ayiklanmis karides,x,100.0,119.0,22.6,1.8,0.6,0.0,1.6,x,746
Kultur mantari,x,100.0,28.0,2.1,0.5,0.1,2.1,5.3,x,747
Somon fileto,x,100.0,208.0,22.0,12.4,2.4,0.0,0.0,x,748
Taze cekilmis karabiber,x,100.0,253.3,10.4,3.0,1.3,24.9,64.7,x,749
Levrek fileto,x,100.0,118.1,24.9,1.2,0.2,0.0,0.0,x,750
Beyaz sirke,x,100.0,18.4,0.0,0.0,0.0,0.0,0.1,x,751
Toz kisnis,x,100.0,306.3,12.3,17.8,1.1,41.0,55.2,x,752
Beyaz seker,x,100.0,394.7,0.0,0.0,0.0,0.0,99.9,x,753
Dijon hardali,x,100.0,57.5,3.6,3.1,0.2,3.9,5.6,x,754
Tam tahilli ekmek,x,100.0,258.3,12.4,3.5,0.7,6.1,43.2,x,755
Somon fume,x,100.0,120.4,18.4,4.3,0.9,0.0,0.0,x,756
Taze kuskonmaz,x,100.0,21.4,2.4,0.2,0.1,2.0,4.2,x,757
Sakiz kabagi,x,100.0,22.6,1.0,0.4,0.1,1.1,3.8,x,758
Ince kiyilmis dereotu,x,100.0,44.3,3.0,1.0,0.0,2.0,7.1,x,759
Fume somon,x,100.0,120.4,18.4,4.3,0.9,0.0,0.0,x,760
Orta boy kirmizi sogan,x,100.0,43.7,1.4,0.2,0.0,1.4,10.1,x,761
Ancuez,x,100.0,0,0,0,0,0,0,x,762
Kucuk boy aci kirmizi biber,x,100.0,40.8,1.9,0.4,0.0,1.5,8.7,x,763
Taze kisnis,x,100.0,23.6,2.3,0.5,0.0,2.8,3.7,x,764
Beyaz karabiber,x,100.0,248.5,10.5,3.0,1.3,25.4,63.1,x,765
Temizlenmis karadeniz hamsi,x,100.0,206.1,29.1,9.9,2.2,0.0,0.0,x,766
Yagli kagit,x,100.0,0,0,0,0,0,0,x,767
Fileto levrek baligi,x,100.0,263.2,26.5,17.0,6.7,0.0,0.0,x,768
"Kucuk boy, korpe kalamar",x,100.0,92.9,15.7,1.4,0.4,0.0,3.0,x,769
Kucuk boy domates,x,100.0,18.2,0.9,0.2,0.0,1.2,3.9,x,770
Orta boy sivri biber,x,100.0,39.4,1.9,0.4,0.0,1.5,8.8,x,771
Kucuk boy karides,x,100.0,119.0,22.6,1.8,0.6,0.0,1.6,x,772
Buyuk boy yesil biber,x,100.0,27.5,0.9,0.2,0.0,1.2,6.8,x,773
Fileto mezgit baligi,x,100.0,263.2,26.5,17.0,6.7,0.0,0.0,x,774
Sade eriste,x,100.0,161.8,5.8,0.9,0.2,1.8,31.2,x,775
Burgu makarna,x,100.0,156.0,5.7,0.9,0.2,1.8,31.3,x,776
Dirsek makarna,x,100.0,156.0,5.7,0.9,0.2,1.8,31.3,x,777
Haslanmis bezelye,x,100.0,82.4,5.4,0.2,0.0,5.4,15.9,x,778
Rendelenmis eski kasar,x,100.0,415.6,22.8,33.9,18.8,0.0,3.1,x,779
cok kucuk dogranmis frenk sogani,x,100.0,30.0,3.4,0.7,0.0,2.7,4.3,x,780
Fiyonk makarna,x,100.0,156.0,5.7,0.9,0.2,1.8,31.3,x,781
uzum domates,x,100.0,18.0,0.9,0.3,0.0,1.1,3.8,x,782
Sarimsak,x,100.0,144.8,6.4,0.7,0.0,2.0,32.5,x,783
Chili biberi,x,100.0,39.4,1.9,0.4,0.0,1.5,8.8,x,784
Ogutulmus top karabiber,x,100.0,253.3,10.4,3.0,1.3,24.9,64.7,x,785
Spagetti makarna,x,100.0,154.7,5.3,0.6,0.1,1.3,29.9,x,786
Taze feslegen,x,100.0,23.4,4.0,0.0,0.0,2.0,2.0,x,787
Fileto tavuk gogsu,x,100.0,263.2,26.5,17.0,6.7,0.0,0.0,x,788
Spaghetti makarna,x,100.0,154.7,5.3,0.6,0.1,1.3,29.9,x,789
Manti makarna,x,100.0,174.1,9.3,6.8,4.0,1.1,19.4,x,790
Domates rendesi,x,100.0,18.2,0.9,0.2,0.0,1.2,3.9,x,791
Kalem makarna,x,100.0,156.0,5.7,0.9,0.2,1.8,31.3,x,792
Makarnanin haslama suyu,x,100.0,156.0,5.7,0.9,0.2,1.8,31.3,x,793
Dana gerdan,x,100.0,0,0,0,0,0,0,x,794
Fettucine makarna,x,100.0,146.8,5.3,0.6,0.1,1.3,30.0,x,795
Parmesan,x,100.0,419.3,28.6,27.6,15.4,0.0,14.1,x,796
Yuksuk makarna,x,100.0,156.0,5.7,0.9,0.2,1.8,31.3,x,797
Lazanya,x,100.0,0,0,0,0,0,0,x,798
Rendelenmis muskat cevizi,x,100.0,527.5,5.9,36.4,26.2,20.7,49.0,x,799
Firin makarna,x,100.0,156.0,5.7,0.9,0.2,1.8,31.3,x,800
Muskat cevizi,x,100.0,527.5,5.9,36.4,26.2,20.7,49.0,x,801
Kurutulmus chili biberi,x,100.0,39.4,1.9,0.4,0.0,1.5,8.8,x,802
Feslegen yapragi,x,100.0,24.4,4.0,0.0,0.0,2.0,2.0,x,803
cecil peyniri,x,100.0,393.9,22.7,33.0,18.9,0.0,3.2,x,804
Rendelenmis kolot peyniri,x,100.0,393.9,22.7,33.0,18.9,0.0,3.2,x,805
Rendelenmis cheddar peyniri,x,100.0,405.3,22.9,32.7,18.8,0.0,3.2,x,806
Renkli dolmalik biber,x,100.0,27.6,0.9,0.2,0.0,1.2,6.8,x,807
Kemiksiz tavuk but,x,100.0,192.6,28.8,7.3,2.0,0.0,0.0,x,808
Sarimsak tozu,x,100.0,331.9,16.5,0.6,0.3,9.1,72.1,x,809
Orta boy patates,x,100.0,92.7,2.5,0.1,0.0,2.2,21.0,x,810
Semolina,x,100.0,360.0,12.7,1.0,0.1,4.0,73.9,x,811
Ada cayi,x,100.0,313.2,10.1,13.1,7.1,39.9,60.5,x,812
Rendelenmis tulum peyniri,x,100.0,393.9,22.7,33.0,18.9,0.0,3.2,x,813
Ufalanmis bayat ekmek kirintisi,x,100.0,391.7,13.2,5.4,1.2,4.5,73.1,x,814
Orta yagli kiyma,x,100.0,278.6,27.2,17.1,6.5,0.0,0.0,x,815
Kucuk boy kuru sogan,x,100.0,44.7,1.4,0.2,0.0,1.4,10.1,x,816
Haslanmis havuc,x,100.0,35.1,0.8,0.2,0.0,3.0,8.1,x,817
Patates puresi,x,100.0,114.0,2.0,4.2,0.7,1.5,16.8,x,818
Domates sosu,x,100.0,24.6,1.2,0.3,0.0,1.5,5.4,x,819
Dil peyniri,x,100.0,296.6,22.3,22.3,13.2,0.0,2.2,x,820
cirpilmis yogurt,x,100.0,64.2,5.3,1.6,1.0,0.0,7.2,x,821
Rendelenmis kuru sogan,x,100.0,44.7,1.4,0.2,0.0,1.4,10.1,x,822
Kofte bahari,x,100.0,289.5,14.3,22.4,7.7,2.3,8.2,x,823
Eksi mayali ekmek,x,100.0,278.6,10.8,2.4,0.5,2.2,52.1,x,824
Kuzu dos kiyma,x,100.0,278.6,27.2,17.1,6.5,0.0,0.0,x,825
Dana dos kiyma,x,100.0,278.6,27.2,17.1,6.5,0.0,0.0,x,826
Kemik suyu,x,100.0,16.4,3.7,0.1,0.0,0.0,0.2,x,827
Kil biber,x,100.0,39.4,1.9,0.4,0.0,1.5,8.8,x,828
Domates sos,x,100.0,24.6,1.2,0.3,0.0,1.5,5.4,x,829
Yagli dana kiyma,x,100.0,291.9,26.6,19.7,7.8,0.0,0.0,x,830
Galeta,x,100.0,506.2,5.1,25.1,8.0,2.0,65.3,x,831
Iri dovulmus ceviz ici,x,100.0,643.2,15.2,65.0,6.1,6.6,13.7,x,832
Bayat ekmek ici,x,100.0,261.6,8.8,3.4,0.7,2.7,50.2,x,833
Yogurt,x,100.0,63.1,5.2,1.6,1.0,0.0,7.1,x,834
Tirnak pide,x,100.0,282.8,9.1,1.2,0.2,2.2,54.9,x,835
Koftelik ince bulgur,x,100.0,85.4,3.1,0.2,0.0,4.5,18.9,x,836
Orta yagli dana kiyma,x,100.0,278.6,27.2,17.1,6.5,0.0,0.0,x,837
Galeta unu,x,100.0,399.9,13.3,5.4,1.2,4.5,71.4,x,838
Ince koftelik bulgur,x,100.0,84.3,3.1,0.2,0.0,4.6,18.8,x,839
Ceviz ici,x,100.0,635.9,15.2,65.0,5.9,6.9,13.8,x,840
Tereyagi veya margarin,x,100.0,730.8,0.8,80.7,51.4,0.0,0.1,x,841
Domates- biber salcasi,x,100.0,0,0,0,0,0,0,x,842
Dana nuar kiyma,x,100.0,278.6,27.2,17.1,6.5,0.0,0.0,x,843
Bayat ekmek ici ya da galeta unu,x,100.0,391.7,13.2,5.4,1.2,4.5,73.1,x,844
Koftelik bulgur,x,100.0,85.4,3.1,0.2,0.0,4.5,18.9,x,845
Yagli kuzu bosluk eti,x,100.0,301.2,24.4,20.5,8.8,0.0,0.0,x,846
Trabzon ekmegi kirintisi,x,100.0,391.7,13.2,5.4,1.2,4.5,73.1,x,847
Karisik kofte baharati,x,100.0,289.5,14.3,22.4,7.7,2.3,8.2,x,848
Az yagli dana kiyma,x,100.0,278.6,27.2,17.1,6.5,0.0,0.0,x,849
Toz biber,x,100.0,248.5,10.5,3.0,1.3,25.4,63.1,x,850
Kuzu eti,x,100.0,287.0,24.7,20.7,8.9,0.0,0.0,x,851
Kuru reyhan,x,100.0,24.4,4.0,0.0,0.0,2.0,2.0,x,852
Kurutulmus reyhan,x,100.0,233.6,22.7,4.3,2.9,36.7,47.8,x,853
Toz defne yapragi,x,100.0,314.7,10.0,10.1,0.0,25.3,75.6,x,854
Kuzu kol,x,100.0,301.2,24.4,20.5,8.8,0.0,0.0,x,855
Kuru reyhan,x,100.0,24.4,4.0,0.0,0.0,2.0,2.0,x,856
Dana kusbasi eti,x,100.0,291.9,26.6,19.7,7.8,0.0,0.0,x,857
Kusbasi dana eti,x,100.0,291.9,26.6,19.7,7.8,0.0,0.0,x,858
Kusbasi kuzu kol,x,100.0,301.2,24.4,20.5,8.8,0.0,0.0,x,859
Kuyruk yagi,x,100.0,926.0,0.0,100.9,39.3,0.0,0.0,x,860
Iri dogranmis dana eti,x,100.0,291.9,26.6,19.7,7.8,0.0,0.0,x,861
Besamel sos,x,100.0,48.8,1.4,1.6,0.2,1.8,7.5,x,862
Salcali su,x,100.0,81.3,4.3,0.5,0.1,4.1,18.8,x,863
Dana tranc eti,x,100.0,0,0,0,0,0,0,x,864
Dana firinlik kaburga,x,100.0,113.9,18.5,3.6,1.3,0.0,0.7,x,865
Ciger,x,100.0,169.8,24.4,6.6,2.1,0.0,0.9,x,866
Kusbasi et,x,100.0,221.2,27.7,12.2,4.4,0.0,0.0,x,867
Dana antrikot,x,100.0,0,0,0,0,0,0,x,868
Beyaz ekmek,x,100.0,258.5,8.9,3.3,0.7,2.7,49.3,x,869
Kucuk biber tursusu,x,100.0,27.6,0.9,0.2,0.0,1.2,6.7,x,870
Kusbasi kuzu eti,x,100.0,224.9,33.7,8.7,3.2,0.0,0.0,x,871
Orta yagli kuzu kiyma,x,100.0,278.6,27.2,17.1,6.5,0.0,0.0,x,872
Dana cigeri,x,100.0,226.3,30.3,11.5,4.2,0.0,0.0,x,873
Dana nuar,x,100.0,0,0,0,0,0,0,x,874
Dana bonfile,x,100.0,0,0,0,0,0,0,x,875
Tortilla ekmegi,x,100.0,318.7,8.8,7.0,1.7,3.3,55.6,x,876
Aci sos,x,100.0,48.8,1.4,1.6,0.2,1.8,7.5,x,877
Kivircik marul,x,100.0,17.0,1.2,0.3,0.0,2.1,3.3,x,878
Eksi krema,x,100.0,192.5,2.4,19.6,10.1,0.0,4.7,x,879
Antrikot ya da but eti,x,100.0,0,0,0,0,0,0,x,880
Rendelenmis orta boy kuru sogan,x,100.0,44.7,1.4,0.2,0.0,1.4,10.1,x,881
cekilmis tane karabiber,x,100.0,253.3,10.4,3.0,1.3,24.9,64.7,x,882
Islatilmis ekmek ici,x,100.0,391.7,13.2,5.4,1.2,4.5,73.1,x,883
Mozzarella peyniri,x,100.0,300.8,22.4,22.7,13.2,0.0,2.2,x,884
Dana dos eti,x,100.0,226.3,30.3,11.5,4.2,0.0,0.0,x,885
Ince cekilmis tuz,x,100.0,0.0,0.0,0.0,0.0,0.0,0.0,x,886
Kuzu incik,x,100.0,301.2,24.4,20.5,8.8,0.0,0.0,x,887
Orta yagli kuzu eti,x,100.0,301.2,24.4,20.5,8.8,0.0,0.0,x,888
Kuzu cigeri,x,100.0,226.5,30.4,8.9,3.4,0.0,2.6,x,889
Kokorec,x,100.0,0,0,0,0,0,0,x,890
Kuzu sis,x,100.0,301.2,24.4,20.5,8.8,0.0,0.0,x,891
Dolmalik kirmizi biber,x,100.0,27.6,0.9,0.2,0.0,1.2,6.8,x,892
Sogan suyu,x,100.0,44.7,1.4,0.2,0.0,1.4,10.1,x,893
Bonfile,x,100.0,329.4,24.0,24.4,9.8,0.0,0.0,x,894
Kozlenmis patlican,x,100.0,34.7,0.8,0.2,0.0,2.5,8.7,x,895
Rendelenmis patates,x,100.0,92.9,2.5,0.1,0.0,2.2,21.0,x,896
Buyuk kuru sogan,x,100.0,44.7,1.4,0.2,0.0,1.4,10.1,x,897
Lazanya yapragi,x,100.0,157.7,11.4,8.5,4.0,1.0,9.2,x,898
Toz defne yapragi,x,100.0,314.7,10.0,10.1,0.0,25.3,75.6,x,899
Kuzu pirzola,x,100.0,312.2,28.6,20.9,10.7,0.0,0.0,x,900
Kontrfile,x,100.0,0,0,0,0,0,0,x,901
Mercankosk,x,100.0,271.9,13.2,6.6,0.0,39.8,59.7,x,902
Koyu kivamli yogurt,x,100.0,64.2,5.3,1.6,1.0,0.0,7.2,x,903
Ince dovulmus biftek,x,100.0,273.4,26.0,18.8,7.3,0.0,0.0,x,904
Domates/aci biber salcasi karisimi,x,100.0,248.5,10.5,3.0,1.3,25.4,63.1,x,905
Limon rendesi,x,100.0,46.5,1.5,0.3,0.0,10.6,15.8,x,906
Pastacilik kremasi,x,100.0,115.4,3.6,2.9,1.5,0.0,19.3,x,907
Marzipan,x,100.0,398.6,3.9,12.0,1.1,2.1,72.9,x,908
Dovulmus badem ici,x,100.0,606.8,20.7,51.7,3.9,10.8,21.1,x,909
Dovulmus kakule,x,100.0,314.5,10.9,6.4,0.5,27.9,68.3,x,910
Yas maya,x,100.0,321.7,40.4,7.5,1.0,26.5,41.9,x,911
Soguk tereyagi,x,100.0,721.5,0.8,79.6,51.1,0.0,0.1,x,912
Baklavalik yufka,x,100.0,294.0,7.1,6.1,1.5,1.9,53.6,x,913
Tavuk kalca,x,100.0,214.7,23.6,13.6,4.2,0.0,0.1,x,914
Kemiksiz tavuk kalca,x,100.0,192.6,28.8,7.3,2.0,0.0,0.0,x,915
Rendelenmis taze zencefil,x,100.0,79.5,2.0,1.0,0.0,2.0,17.9,x,916
Keten tohumu,x,100.0,549.8,18.4,43.0,3.7,27.5,28.3,x,917
Kakule,x,100.0,314.5,10.9,6.4,0.5,27.9,68.3,x,918
Kimyon tohumu,x,100.0,374.9,17.7,22.3,1.4,10.6,44.2,x,919
Toz tarcin,x,100.0,247.4,3.9,1.1,0.4,53.8,80.4,x,920
Pirinc unu,x,100.0,362.9,6.0,1.4,0.4,2.4,80.9,x,921
Gul suyu,x,100.0,85.4,0.4,0.0,0.0,0.0,3.8,x,922
Yagli tavuk eti,x,100.0,191.4,29.2,7.3,2.0,0.0,0.0,x,923
Buyuk boy yumurta,x,100.0,145.7,12.7,9.4,3.1,0.0,0.7,x,924
Nutella,x,100.0,537.8,5.4,30.3,28.5,5.5,63.0,x,925
Findik kremasi,x,100.0,656.2,14.9,61.5,4.5,9.4,17.8,x,926
Dovulmus findik,x,100.0,662.2,14.9,62.8,4.5,9.2,17.7,x,927
Nohut,x,100.0,165.1,8.9,2.6,0.3,7.7,27.4,x,928
Kisnis,x,100.0,306.3,12.3,17.8,1.1,41.0,55.2,x,929
cig kaju fistigi,x,100.0,558.5,18.2,43.9,7.7,3.4,29.7,x,930
Goji berry,x,100.0,356.2,14.2,0.4,0.0,12.9,78.5,x,931
Gunkurusu kayisi,x,100.0,242.9,3.4,0.6,0.0,7.5,63.7,x,932
Kurutulmus erik,x,100.0,46.2,0.7,0.3,0.0,1.4,11.4,x,933
Beyaz lahana,x,100.0,23.4,1.3,0.1,0.0,1.9,5.5,x,934
Beyaz cikolata,x,100.0,548.7,5.9,31.7,19.5,0.2,58.1,x,935
Bitter kuvertur cikolata,x,100.0,540.2,7.8,29.4,18.6,3.4,58.9,x,936
Sutlu kuvertur cikolata,x,100.0,51.3,3.5,1.9,1.2,0.0,4.9,x,937
Beyaz kuvertur cikolata,x,100.0,540.2,7.8,29.4,18.6,3.4,58.9,x,938
Sivi yag,x,100.0,883.0,0.0,100.8,6.6,0.0,0.0,x,939
Rendelenmis portakal kabugu,x,100.0,99.7,1.5,0.2,0.0,10.9,25.4,x,940
Fileto tavuk gogsu,x,100.0,263.2,26.5,17.0,6.7,0.0,0.0,x,941
Orta boy kapya biber,x,100.0,39.2,2.0,0.2,0.0,1.5,9.6,x,942
Orta boy yesil dolmalik biber,x,100.0,27.3,0.9,0.2,0.0,1.2,6.6,x,943
Sut kaymagi,x,100.0,51.3,3.5,1.9,1.2,0.0,4.9,x,944
Kucuk boy yumurta,x,100.0,147.0,12.5,9.7,3.1,0.0,0.7,x,945
Misir irmigi,x,100.0,93.9,3.4,1.5,0.2,2.4,21.0,x,946
Rendelenmis mozzarella peyniri,x,100.0,300.8,22.4,22.7,13.2,0.0,2.2,x,947
Taze feslegen yapragi,x,100.0,23.4,4.0,0.0,0.0,2.0,2.0,x,948
Yogurt kaymagi,x,100.0,64.2,5.3,1.6,1.0,0.0,7.2,x,949
Ramen,x,100.0,0,0,0,0,0,0,x,950
Susam yagi,x,100.0,858.8,0.0,100.6,14.1,0.0,0.0,x,951
Taze sogan,x,100.0,44.7,1.4,0.2,0.0,1.4,10.1,x,952
Soya filizi,x,100.0,0,0,0,0,0,0,x,953
Kucuk boy patates,x,100.0,92.7,2.5,0.1,0.0,2.2,21.0,x,954
Risotto pirinci,x,100.0,130.4,2.4,0.2,0.0,0.0,28.4,x,955
Tuzsuz lor peyniri,x,100.0,100.1,11.0,4.3,1.7,0.0,3.4,x,956
Elenmis un,x,100.0,362.6,10.2,1.0,0.2,2.7,77.0,x,957
Orta boy kirmizi elma,x,100.0,52.6,0.3,0.2,0.0,2.4,13.7,x,958
Dovulmus sarimsak,x,100.0,144.8,6.4,0.7,0.0,2.0,32.5,x,959
Frenk kimyonu,x,100.0,0,0,0,0,0,0,x,960
Nane yapragi,x,100.0,405.2,0.0,0.0,0.0,0.0,98.6,x,961
Tortilla,x,100.0,316.0,8.7,7.1,1.7,3.3,55.4,x,962
Yagsiz biftek,x,100.0,273.4,26.0,18.8,7.3,0.0,0.0,x,963
Konserve meksika fasulyesi,x,100.0,91.3,4.7,0.4,0.1,4.1,21.3,x,964
cig krema,x,100.0,347.4,2.9,35.6,22.9,0.0,2.8,x,965
cubuk vanilya,x,100.0,282.7,0.0,0.0,0.0,0.0,12.6,x,966
Tavuk but,x,100.0,182.1,24.1,8.9,2.4,0.0,0.0,x,967
Karabiber-tuz karisimi,x,100.0,0,0,0,0,0,0,x,968
Kruton,x,100.0,0,0,0,0,0,0,x,969
Taneli hardal,x,100.0,58.3,3.8,3.4,0.2,4.0,5.7,x,970
Portakal kabugu,x,100.0,99.7,1.5,0.2,0.0,10.9,25.4,x,971
Eski kasar peyniri,x,100.0,405.3,22.9,32.7,18.8,0.0,3.2,x,972
Iri cekilmis antep fistigi,x,100.0,584.0,21.5,44.9,5.7,10.0,27.2,x,973
Pirinc sirkesi,x,100.0,18.1,0.0,0.0,0.0,0.0,0.1,x,974
Taze zencefil,x,100.0,79.5,2.0,1.0,0.0,2.0,17.9,x,975
Kestane mantari,x,100.0,249.2,3.2,2.2,0.4,5.2,52.9,x,976
Nisasta,x,100.0,0,0,0,0,0,0,x,977
Bebe biskuvisi,x,100.0,358.9,7.0,16.5,4.3,1.5,44.6,x,978
Basmati veya yasmin pirinci,x,100.0,131.2,2.7,0.3,0.1,0.4,28.5,x,979
Safran,x,100.0,301.8,11.5,5.8,1.4,4.3,65.5,x,980
Ezilmis kakule,x,100.0,314.5,10.9,6.4,0.5,27.9,68.3,x,981
Kuskus,x,100.0,114.1,3.8,0.2,0.0,1.4,23.4,x,982
Tavuk fume,x,100.0,222.6,23.7,12.9,3.7,0.0,0.0,x,983
Margarin veya tuzsuz tereyagi,x,100.0,700.5,0.1,80.7,15.4,0.0,0.7,x,984
Pirinc yufkasi,x,100.0,127.4,2.7,0.3,0.1,0.4,28.4,x,985
Oyster,x,100.0,160.8,18.8,4.6,1.0,0.0,10.0,x,986
